location,date,temp(c),rainfall(mm)
L01,2024-01-01,14.4,0.9
L01,2024-01-02,10.4,1.5
L01,2024-01-03,12.4,7.9
L01,2024-01-04,17.8,23.5
L01,2024-01-05,15.0,5.6
L01,2024-01-06,7.6,3.3
L01,2024-01-07,10.4,3.1
L01,2024-01-08,13.4,7.3
L01,2024-01-09,19.6,0.3
L01,2024-01-10,18.7,22.9
L01,2024-01-11,16.1,8.6
L01,2024-01-12,12.0,6.4
L01,2024-01-13,13.9,11.1
L01,2024-01-14,13.7,5.4
L01,2024-01-15,21.1,4.9
L01,2024-01-16,5.3,0.1
L01,2024-01-17,20.7,1.1
L01,2024-01-18,18.5,6.8
L01,2024-01-19,13.4,0.4
L01,2024-01-20,15.1,1.4
L01,2024-01-21,15.7,3.5
L01,2024-01-22,11.2,3.1
L01,2024-01-23,20.5,20.1
L01,2024-01-24,15.0,3.2
L01,2024-01-25,23.1,9.5
L01,2024-01-26,27.0,1.6
L01,2024-01-27,21.3,2.2
L01,2024-01-28,17.1,12.6
L01,2024-01-29,11.4,17.5
L01,2024-01-30,15.3,3.2
L01,2024-01-31,21.6,3.1
L01,2024-02-01,20.0,7.4
L01,2024-02-02,8.9,10.6
L01,2024-02-03,12.6,18.4
L01,2024-02-04,19.8,27.4
L01,2024-02-05,7.6,37.4
L01,2024-02-06,18.9,1.8
L01,2024-02-07,17.8,13.3
L01,2024-02-08,9.7,8.3
L01,2024-02-09,11.2,2.1
L01,2024-02-10,13.4,6.7
L01,2024-02-11,19.5,10.5
L01,2024-02-12,5.9,0.1
L01,2024-02-13,19.3,6.8
L01,2024-02-14,9.5,5.9
L01,2024-02-15,12.7,3.0
L01,2024-02-16,15.9,0.6
L01,2024-02-17,15.1,17.9
L01,2024-02-18,22.0,1.6
L01,2024-02-19,20.6,1.2
L01,2024-02-20,14.1,13.0
L01,2024-02-21,13.9,2.1
L01,2024-02-22,15.8,1.7
L01,2024-02-23,13.7,1.7
L01,2024-02-24,21.3,1.2
L01,2024-02-25,16.0,9.2
L01,2024-02-26,8.0,5.7
L01,2024-02-27,7.2,13.4
L01,2024-02-28,7.8,4.7
L01,2024-02-29,18.9,13.5
L01,2024-03-01,22.0,2.3
L01,2024-03-02,31.7,8.6
L01,2024-03-03,26.0,0.3
L01,2024-03-04,25.7,7.5
L01,2024-03-05,28.6,3.1
L01,2024-03-06,30.9,1.9
L01,2024-03-07,24.4,11.8
L01,2024-03-08,17.4,3.3
L01,2024-03-09,25.0,8.4
L01,2024-03-10,27.7,0.2
L01,2024-03-11,26.1,3.2
L01,2024-03-12,26.4,6.9
L01,2024-03-13,23.4,0.1
L01,2024-03-14,23.0,5.1
L01,2024-03-15,20.4,0.2
L01,2024-03-16,26.8,3.9
L01,2024-03-17,21.6,9.0
L01,2024-03-18,22.2,9.4
L01,2024-03-19,30.7,1.1
L01,2024-03-20,19.8,2.0
L01,2024-03-21,31.7,4.3
L01,2024-03-22,23.8,4.9
L01,2024-03-23,30.5,7.5
L01,2024-03-24,24.9,10.8
L01,2024-03-25,29.9,14.0
L01,2024-03-26,30.5,8.8
L01,2024-03-27,30.2,6.6
L01,2024-03-28,25.2,4.2
L01,2024-03-29,23.1,2.3
L01,2024-03-30,33.0,5.3
L01,2024-03-31,34.4,9.7
L01,2024-04-01,28.5,2.3
L01,2024-04-02,27.7,4.6
L01,2024-04-03,17.2,6.4
L01,2024-04-04,29.0,15.8
L01,2024-04-05,18.7,7.5
L01,2024-04-06,29.2,2.4
L01,2024-04-07,21.7,5.7
L01,2024-04-08,19.5,1.5
L01,2024-04-09,15.1,2.1
L01,2024-04-10,22.4,1.2
L01,2024-04-11,27.6,1.3
L01,2024-04-12,12.7,3.1
L01,2024-04-13,23.4,2.8
L01,2024-04-14,30.5,2.1
L01,2024-04-15,26.3,6.6
L01,2024-04-16,18.5,0.7
L01,2024-04-17,17.0,6.7
L01,2024-04-18,24.2,2.4
L01,2024-04-19,22.4,9.6
L01,2024-04-20,31.3,1.8
L01,2024-04-21,31.5,10.3
L01,2024-04-22,27.5,2.8
L01,2024-04-23,16.6,14.6
L01,2024-04-24,28.7,2.5
L01,2024-04-25,26.1,3.0
L01,2024-04-26,27.1,0.0
L01,2024-04-27,18.8,10.1
L01,2024-04-28,24.4,3.0
L01,2024-04-29,22.0,0.8
L01,2024-04-30,25.4,1.5
L01,2024-05-01,20.3,0.8
L01,2024-05-02,24.7,1.4
L01,2024-05-03,27.5,6.1
L01,2024-05-04,20.9,2.4
L01,2024-05-05,22.8,0.3
L01,2024-05-06,25.7,3.4
L01,2024-05-07,17.2,0.1
L01,2024-05-08,22.0,6.5
L01,2024-05-09,25.1,3.5
L01,2024-05-10,17.3,0.6
L01,2024-05-11,28.9,3.5
L01,2024-05-12,21.1,7.2
L01,2024-05-13,31.6,3.0
L01,2024-05-14,31.1,0.5
L01,2024-05-15,30.9,19.2
L01,2024-05-16,34.5,0.2
L01,2024-05-17,26.9,14.8
L01,2024-05-18,25.0,9.5
L01,2024-05-19,25.2,14.6
L01,2024-05-20,31.0,1.1
L01,2024-05-21,30.7,7.8
L01,2024-05-22,20.8,0.7
L01,2024-05-23,31.0,2.3
L01,2024-05-24,25.1,2.5
L01,2024-05-25,25.8,1.6
L01,2024-05-26,21.4,12.5
L01,2024-05-27,26.5,11.9
L01,2024-05-28,20.6,3.9
L01,2024-05-29,25.1,4.4
L01,2024-05-30,18.3,4.2
L01,2024-05-31,23.7,0.1
L01,2024-06-01,34.9,8.0
L01,2024-06-02,29.5,29.4
L01,2024-06-03,31.9,8.4
L01,2024-06-04,36.3,22.9
L01,2024-06-05,34.6,23.4
L01,2024-06-06,30.0,5.2
L01,2024-06-07,39.8,4.3
L01,2024-06-08,35.3,28.6
L01,2024-06-09,35.6,6.1
L01,2024-06-10,39.2,16.5
L01,2024-06-11,43.4,1.8
L01,2024-06-12,32.9,18.3
L01,2024-06-13,41.0,3.4
L01,2024-06-14,39.8,3.0
L01,2024-06-15,35.6,6.1
L01,2024-06-16,37.0,77.4
L01,2024-06-17,37.8,23.3
L01,2024-06-18,38.1,33.7
L01,2024-06-19,40.7,8.8
L01,2024-06-20,34.3,4.3
L01,2024-06-21,38.3,23.7
L01,2024-06-22,32.3,11.5
L01,2024-06-23,36.7,32.5
L01,2024-06-24,43.0,61.0
L01,2024-06-25,33.5,2.0
L01,2024-06-26,38.8,20.1
L01,2024-06-27,32.2,12.7
L01,2024-06-28,39.2,19.4
L01,2024-06-29,32.6,17.9
L01,2024-06-30,33.9,56.4
L01,2024-07-01,32.0,11.8
L01,2024-07-02,37.7,21.9
L01,2024-07-03,35.2,3.2
L01,2024-07-04,33.2,34.5
L01,2024-07-05,33.8,11.6
L01,2024-07-06,34.0,27.3
L01,2024-07-07,36.1,11.9
L01,2024-07-08,33.0,23.3
L01,2024-07-09,36.8,1.6
L01,2024-07-10,44.8,6.7
L01,2024-07-11,37.8,15.2
L01,2024-07-12,31.0,22.4
L01,2024-07-13,35.0,2.8
L01,2024-07-14,41.1,6.6
L01,2024-07-15,31.9,16.2
L01,2024-07-16,42.3,14.2
L01,2024-07-17,34.1,21.0
L01,2024-07-18,36.7,9.3
L01,2024-07-19,35.7,29.8
L01,2024-07-20,39.1,23.0
L01,2024-07-21,34.7,2.0
L01,2024-07-22,34.6,17.7
L01,2024-07-23,34.4,12.6
L01,2024-07-24,29.2,64.7
L01,2024-07-25,26.5,24.3
L01,2024-07-26,34.7,2.2
L01,2024-07-27,29.3,3.3
L01,2024-07-28,36.6,2.0
L01,2024-07-29,37.2,33.2
L01,2024-07-30,35.1,7.4
L01,2024-07-31,31.2,4.2
L01,2024-08-01,37.7,6.3
L01,2024-08-02,36.9,84.4
L01,2024-08-03,38.4,16.7
L01,2024-08-04,38.5,2.7
L01,2024-08-05,38.3,8.5
L01,2024-08-06,36.8,2.6
L01,2024-08-07,36.5,25.4
L01,2024-08-08,43.6,37.4
L01,2024-08-09,29.9,4.9
L01,2024-08-10,32.0,59.1
L01,2024-08-11,41.9,8.6
L01,2024-08-12,36.1,12.1
L01,2024-08-13,36.5,20.9
L01,2024-08-14,37.0,16.6
L01,2024-08-15,42.7,64.7
L01,2024-08-16,38.2,12.0
L01,2024-08-17,39.2,5.5
L01,2024-08-18,28.7,28.8
L01,2024-08-19,39.8,7.9
L01,2024-08-20,40.2,0.9
L01,2024-08-21,36.5,27.4
L01,2024-08-22,36.5,5.3
L01,2024-08-23,38.6,36.1
L01,2024-08-24,38.9,22.0
L01,2024-08-25,31.3,7.1
L01,2024-08-26,34.6,0.9
L01,2024-08-27,37.2,17.3
L01,2024-08-28,34.9,3.5
L01,2024-08-29,35.8,58.7
L01,2024-08-30,36.1,20.2
L01,2024-08-31,28.4,17.0
L01,2024-09-01,35.9,44.5
L01,2024-09-02,35.2,35.6
L01,2024-09-03,25.8,0.8
L01,2024-09-04,26.6,1.4
L01,2024-09-05,24.5,17.3
L01,2024-09-06,29.6,16.4
L01,2024-09-07,33.2,2.0
L01,2024-09-08,25.9,30.4
L01,2024-09-09,24.2,4.6
L01,2024-09-10,36.3,30.9
L01,2024-09-11,21.4,44.2
L01,2024-09-12,30.7,55.2
L01,2024-09-13,40.8,6.7
L01,2024-09-14,25.8,3.8
L01,2024-09-15,32.4,34.9
L01,2024-09-16,28.4,33.4
L01,2024-09-17,17.7,28.6
L01,2024-09-18,25.9,9.6
L01,2024-09-19,19.8,52.7
L01,2024-09-20,44.0,2.9
L01,2024-09-21,23.1,2.3
L01,2024-09-22,31.1,20.6
L01,2024-09-23,23.3,4.6
L01,2024-09-24,17.2,25.6
L01,2024-09-25,30.7,24.3
L01,2024-09-26,23.9,13.4
L01,2024-09-27,28.2,61.0
L01,2024-09-28,38.1,6.3
L01,2024-09-29,26.9,12.7
L01,2024-09-30,29.6,31.8
L01,2024-10-01,28.4,0.9
L01,2024-10-02,26.5,1.1
L01,2024-10-03,27.3,3.9
L01,2024-10-04,28.5,7.2
L01,2024-10-05,30.2,0.9
L01,2024-10-06,29.6,8.9
L01,2024-10-07,31.5,7.4
L01,2024-10-08,23.0,0.4
L01,2024-10-09,30.1,12.6
L01,2024-10-10,34.1,11.2
L01,2024-10-11,26.2,2.0
L01,2024-10-12,29.4,0.2
L01,2024-10-13,31.8,34.8
L01,2024-10-14,28.0,2.7
L01,2024-10-15,29.2,2.5
L01,2024-10-16,20.8,2.0
L01,2024-10-17,36.3,5.4
L01,2024-10-18,20.7,4.8
L01,2024-10-19,28.1,14.4
L01,2024-10-20,32.3,9.0
L01,2024-10-21,35.7,2.5
L01,2024-10-22,31.9,3.4
L01,2024-10-23,27.9,3.7
L01,2024-10-24,24.3,1.5
L01,2024-10-25,30.5,8.3
L01,2024-10-26,26.1,6.5
L01,2024-10-27,32.1,16.9
L01,2024-10-28,30.1,20.4
L01,2024-10-29,28.6,0.0
L01,2024-10-30,33.0,0.0
L01,2024-10-31,16.9,3.2
L01,2024-11-01,31.8,2.2
L01,2024-11-02,31.2,9.4
L01,2024-11-03,31.8,0.5
L01,2024-11-04,31.9,4.0
L01,2024-11-05,39.5,3.0
L01,2024-11-06,37.8,1.7
L01,2024-11-07,21.8,14.2
L01,2024-11-08,20.5,4.6
L01,2024-11-09,37.9,2.9
L01,2024-11-10,28.0,2.4
L01,2024-11-11,25.4,9.4
L01,2024-11-12,23.1,2.2
L01,2024-11-13,30.3,0.3
L01,2024-11-14,25.9,3.9
L01,2024-11-15,25.4,12.9
L01,2024-11-16,18.8,1.4
L01,2024-11-17,25.8,5.5
L01,2024-11-18,29.0,16.0
L01,2024-11-19,16.4,0.7
L01,2024-11-20,21.4,3.3
L01,2024-11-21,32.2,5.4
L01,2024-11-22,24.7,7.2
L01,2024-11-23,30.7,4.3
L01,2024-11-24,31.3,2.6
L01,2024-11-25,29.4,5.1
L01,2024-11-26,29.6,5.1
L01,2024-11-27,26.4,16.2
L01,2024-11-28,26.4,0.4
L01,2024-11-29,32.7,0.2
L01,2024-11-30,17.4,6.7
L01,2024-12-01,13.7,18.1
L01,2024-12-02,23.5,15.3
L01,2024-12-03,14.5,1.3
L01,2024-12-04,12.9,3.6
L01,2024-12-05,18.0,6.2
L01,2024-12-06,5.0,3.6
L01,2024-12-07,16.0,2.7
L01,2024-12-08,5.0,1.1
L01,2024-12-09,32.7,0.9
L01,2024-12-10,18.7,7.7
L01,2024-12-11,19.6,10.7
L01,2024-12-12,13.1,14.9
L01,2024-12-13,12.6,15.6
L01,2024-12-14,25.1,0.8
L01,2024-12-15,15.8,0.9
L01,2024-12-16,18.1,18.6
L01,2024-12-17,14.5,2.4
L01,2024-12-18,16.9,3.1
L01,2024-12-19,12.4,2.9
L01,2024-12-20,16.1,6.9
L01,2024-12-21,11.0,2.1
L01,2024-12-22,21.1,1.6
L01,2024-12-23,21.9,5.9
L01,2024-12-24,10.5,4.6
L01,2024-12-25,10.1,3.2
L01,2024-12-26,21.4,2.8
L01,2024-12-27,14.8,0.4
L01,2024-12-28,21.2,1.3
L01,2024-12-29,14.8,4.0
L01,2024-12-30,5.0,3.9
L01,2024-12-31,16.9,3.6
L02,2024-01-01,6.7,5.1
L02,2024-01-02,18.5,0.5
L02,2024-01-03,15.9,3.3
L02,2024-01-04,13.5,11.4
L02,2024-01-05,13.9,3.2
L02,2024-01-06,14.1,7.9
L02,2024-01-07,16.5,2.4
L02,2024-01-08,19.9,21.8
L02,2024-01-09,9.4,8.7
L02,2024-01-10,21.0,4.7
L02,2024-01-11,18.3,3.0
L02,2024-01-12,8.7,8.7
L02,2024-01-13,11.3,3.2
L02,2024-01-14,9.2,1.5
L02,2024-01-15,19.2,2.2
L02,2024-01-16,13.0,1.1
L02,2024-01-17,19.6,8.4
L02,2024-01-18,16.4,4.6
L02,2024-01-19,14.7,1.7
L02,2024-01-20,5.7,0.3
L02,2024-01-21,21.0,1.4
L02,2024-01-22,18.4,3.1
L02,2024-01-23,14.0,6.7
L02,2024-01-24,17.7,5.9
L02,2024-01-25,13.0,28.2
L02,2024-01-26,23.0,1.8
L02,2024-01-27,14.3,0.1
L02,2024-01-28,8.6,7.5
L02,2024-01-29,15.3,1.4
L02,2024-01-30,14.7,12.7
L02,2024-01-31,6.2,7.7
L02,2024-02-01,21.0,6.2
L02,2024-02-02,16.4,4.1
L02,2024-02-03,11.7,5.0
L02,2024-02-04,17.9,0.4
L02,2024-02-05,25.0,2.8
L02,2024-02-06,6.0,4.2
L02,2024-02-07,19.3,11.9
L02,2024-02-08,16.3,0.1
L02,2024-02-09,10.2,1.3
L02,2024-02-10,13.1,3.4
L02,2024-02-11,18.9,2.0
L02,2024-02-12,15.7,5.4
L02,2024-02-13,14.9,3.0
L02,2024-02-14,11.4,6.4
L02,2024-02-15,14.8,3.7
L02,2024-02-16,17.7,2.9
L02,2024-02-17,10.0,0.7
L02,2024-02-18,16.8,9.0
L02,2024-02-19,17.6,2.4
L02,2024-02-20,11.3,0.9
L02,2024-02-21,11.8,1.1
L02,2024-02-22,20.8,7.5
L02,2024-02-23,10.5,11.7
L02,2024-02-24,12.9,1.9
L02,2024-02-25,18.5,14.9
L02,2024-02-26,11.3,11.4
L02,2024-02-27,17.8,16.4
L02,2024-02-28,13.2,0.3
L02,2024-02-29,14.8,6.2
L02,2024-03-01,22.2,3.0
L02,2024-03-02,33.8,4.3
L02,2024-03-03,25.8,3.0
L02,2024-03-04,27.3,3.0
L02,2024-03-05,25.0,4.6
L02,2024-03-06,17.9,7.8
L02,2024-03-07,26.3,7.7
L02,2024-03-08,22.8,16.9
L02,2024-03-09,31.2,30.1
L02,2024-03-10,20.1,4.7
L02,2024-03-11,19.0,0.1
L02,2024-03-12,19.4,8.2
L02,2024-03-13,26.1,9.1
L02,2024-03-14,25.4,10.4
L02,2024-03-15,26.7,2.4
L02,2024-03-16,22.9,1.0
L02,2024-03-17,28.6,4.9
L02,2024-03-18,23.4,2.4
L02,2024-03-19,27.9,2.0
L02,2024-03-20,22.5,6.3
L02,2024-03-21,27.5,0.0
L02,2024-03-22,29.0,0.2
L02,2024-03-23,28.8,3.6
L02,2024-03-24,23.9,5.2
L02,2024-03-25,23.3,0.3
L02,2024-03-26,29.5,2.5
L02,2024-03-27,24.0,2.8
L02,2024-03-28,25.0,4.0
L02,2024-03-29,18.3,8.9
L02,2024-03-30,21.2,2.6
L02,2024-03-31,19.3,1.0
L02,2024-04-01,26.5,2.7
L02,2024-04-02,19.7,7.0
L02,2024-04-03,18.6,3.9
L02,2024-04-04,20.6,0.5
L02,2024-04-05,22.0,0.3
L02,2024-04-06,29.3,0.7
L02,2024-04-07,32.0,9.6
L02,2024-04-08,27.0,1.6
L02,2024-04-09,31.7,1.2
L02,2024-04-10,24.5,9.5
L02,2024-04-11,29.8,0.8
L02,2024-04-12,15.5,9.4
L02,2024-04-13,22.3,2.8
L02,2024-04-14,31.2,7.8
L02,2024-04-15,25.9,4.4
L02,2024-04-16,22.3,6.9
L02,2024-04-17,25.6,6.7
L02,2024-04-18,29.0,1.7
L02,2024-04-19,31.0,2.7
L02,2024-04-20,26.2,2.0
L02,2024-04-21,19.0,5.5
L02,2024-04-22,29.0,21.6
L02,2024-04-23,24.7,5.4
L02,2024-04-24,26.7,5.6
L02,2024-04-25,22.5,0.3
L02,2024-04-26,21.3,1.3
L02,2024-04-27,24.9,0.0
L02,2024-04-28,23.1,1.1
L02,2024-04-29,23.5,7.4
L02,2024-04-30,14.5,1.5
L02,2024-05-01,24.7,5.5
L02,2024-05-02,29.3,0.2
L02,2024-05-03,19.1,2.5
L02,2024-05-04,28.2,4.0
L02,2024-05-05,24.3,11.9
L02,2024-05-06,12.9,0.2
L02,2024-05-07,25.2,0.8
L02,2024-05-08,22.7,3.3
L02,2024-05-09,26.3,14.0
L02,2024-05-10,21.6,10.0
L02,2024-05-11,27.7,1.2
L02,2024-05-12,26.5,15.4
L02,2024-05-13,23.3,4.0
L02,2024-05-14,18.5,3.7
L02,2024-05-15,23.1,10.3
L02,2024-05-16,24.2,1.0
L02,2024-05-17,18.3,2.3
L02,2024-05-18,32.3,1.6
L02,2024-05-19,15.8,5.7
L02,2024-05-20,24.7,2.5
L02,2024-05-21,22.9,0.9
L02,2024-05-22,23.1,5.2
L02,2024-05-23,18.7,0.7
L02,2024-05-24,25.3,5.8
L02,2024-05-25,20.5,2.7
L02,2024-05-26,22.9,5.6
L02,2024-05-27,26.7,9.4
L02,2024-05-28,25.9,3.8
L02,2024-05-29,26.4,12.0
L02,2024-05-30,30.5,8.2
L02,2024-05-31,20.4,2.0
L02,2024-06-01,35.5,8.0
L02,2024-06-02,28.7,2.6
L02,2024-06-03,39.8,34.2
L02,2024-06-04,33.4,19.2
L02,2024-06-05,32.9,33.1
L02,2024-06-06,40.7,6.7
L02,2024-06-07,38.0,15.4
L02,2024-06-08,27.1,81.5
L02,2024-06-09,35.7,5.3
L02,2024-06-10,37.0,4.5
L02,2024-06-11,37.0,17.0
L02,2024-06-12,29.5,11.6
L02,2024-06-13,38.9,47.1
L02,2024-06-14,37.0,58.1
L02,2024-06-15,36.8,21.8
L02,2024-06-16,32.9,9.7
L02,2024-06-17,43.1,4.6
L02,2024-06-18,37.3,21.3
L02,2024-06-19,33.9,16.4
L02,2024-06-20,28.4,1.6
L02,2024-06-21,35.5,14.3
L02,2024-06-22,37.3,75.9
L02,2024-06-23,34.6,5.8
L02,2024-06-24,35.3,15.7
L02,2024-06-25,36.2,45.6
L02,2024-06-26,31.8,21.1
L02,2024-06-27,32.7,23.4
L02,2024-06-28,28.4,13.7
L02,2024-06-29,35.3,3.2
L02,2024-06-30,42.6,35.4
L02,2024-07-01,30.0,14.2
L02,2024-07-02,32.1,22.9
L02,2024-07-03,34.4,70.0
L02,2024-07-04,41.7,6.5
L02,2024-07-05,33.4,30.3
L02,2024-07-06,30.3,7.0
L02,2024-07-07,30.9,69.1
L02,2024-07-08,39.5,4.3
L02,2024-07-09,32.3,20.3
L02,2024-07-10,33.2,16.8
L02,2024-07-11,35.5,23.6
L02,2024-07-12,34.6,11.3
L02,2024-07-13,35.4,31.7
L02,2024-07-14,35.3,48.8
L02,2024-07-15,38.9,32.3
L02,2024-07-16,30.8,14.2
L02,2024-07-17,37.1,6.7
L02,2024-07-18,41.3,24.6
L02,2024-07-19,33.3,26.3
L02,2024-07-20,37.7,9.6
L02,2024-07-21,32.6,8.8
L02,2024-07-22,30.9,33.1
L02,2024-07-23,40.1,9.6
L02,2024-07-24,38.0,34.6
L02,2024-07-25,28.7,7.6
L02,2024-07-26,35.2,3.8
L02,2024-07-27,38.4,13.3
L02,2024-07-28,29.8,11.2
L02,2024-07-29,37.3,18.1
L02,2024-07-30,33.8,6.8
L02,2024-07-31,33.6,19.4
L02,2024-08-01,35.8,69.0
L02,2024-08-02,34.5,8.3
L02,2024-08-03,40.5,43.2
L02,2024-08-04,27.9,40.6
L02,2024-08-05,38.7,13.3
L02,2024-08-06,35.9,26.8
L02,2024-08-07,37.7,85.1
L02,2024-08-08,39.0,4.2
L02,2024-08-09,39.8,21.9
L02,2024-08-10,37.5,27.8
L02,2024-08-11,33.4,26.0
L02,2024-08-12,33.4,27.9
L02,2024-08-13,41.1,12.6
L02,2024-08-14,33.5,23.0
L02,2024-08-15,41.0,75.5
L02,2024-08-16,37.1,13.9
L02,2024-08-17,37.8,36.0
L02,2024-08-18,32.4,3.6
L02,2024-08-19,39.7,3.1
L02,2024-08-20,31.1,30.4
L02,2024-08-21,36.8,4.8
L02,2024-08-22,40.3,43.9
L02,2024-08-23,29.6,68.1
L02,2024-08-24,39.4,3.9
L02,2024-08-25,30.2,6.0
L02,2024-08-26,37.6,7.2
L02,2024-08-27,39.1,38.8
L02,2024-08-28,38.4,5.8
L02,2024-08-29,38.3,4.2
L02,2024-08-30,34.8,17.6
L02,2024-08-31,40.9,15.5
L02,2024-09-01,28.8,18.0
L02,2024-09-02,35.0,1.0
L02,2024-09-03,23.0,34.4
L02,2024-09-04,33.5,27.9
L02,2024-09-05,29.5,9.0
L02,2024-09-06,33.3,13.9
L02,2024-09-07,19.2,18.0
L02,2024-09-08,31.3,2.5
L02,2024-09-09,34.8,12.5
L02,2024-09-10,30.6,12.4
L02,2024-09-11,34.1,20.4
L02,2024-09-12,16.8,46.5
L02,2024-09-13,33.0,13.4
L02,2024-09-14,20.2,23.3
L02,2024-09-15,33.1,3.2
L02,2024-09-16,24.7,81.9
L02,2024-09-17,28.5,30.6
L02,2024-09-18,27.0,8.9
L02,2024-09-19,20.2,38.3
L02,2024-09-20,18.8,12.8
L02,2024-09-21,22.8,20.0
L02,2024-09-22,33.0,17.7
L02,2024-09-23,25.8,75.3
L02,2024-09-24,27.2,1.2
L02,2024-09-25,25.2,33.7
L02,2024-09-26,36.9,5.4
L02,2024-09-27,28.1,3.6
L02,2024-09-28,11.9,0.9
L02,2024-09-29,39.2,3.2
L02,2024-09-30,27.0,14.7
L02,2024-10-01,25.7,7.9
L02,2024-10-02,27.7,4.1
L02,2024-10-03,39.5,3.5
L02,2024-10-04,25.7,13.4
L02,2024-10-05,22.8,0.7
L02,2024-10-06,30.2,5.1
L02,2024-10-07,26.0,5.2
L02,2024-10-08,30.0,20.2
L02,2024-10-09,21.8,2.2
L02,2024-10-10,41.7,1.9
L02,2024-10-11,27.4,3.5
L02,2024-10-12,24.9,2.2
L02,2024-10-13,33.9,4.7
L02,2024-10-14,30.1,1.9
L02,2024-10-15,36.6,6.8
L02,2024-10-16,30.6,0.9
L02,2024-10-17,31.6,4.0
L02,2024-10-18,27.3,0.9
L02,2024-10-19,33.2,0.2
L02,2024-10-20,32.7,5.9
L02,2024-10-21,33.3,2.6
L02,2024-10-22,34.6,0.7
L02,2024-10-23,30.9,5.5
L02,2024-10-24,37.3,13.9
L02,2024-10-25,34.4,3.5
L02,2024-10-26,23.0,0.7
L02,2024-10-27,22.2,6.6
L02,2024-10-28,20.4,2.5
L02,2024-10-29,28.1,1.4
L02,2024-10-30,28.9,0.6
L02,2024-10-31,26.7,5.3
L02,2024-11-01,35.0,12.5
L02,2024-11-02,32.6,4.3
L02,2024-11-03,29.8,0.3
L02,2024-11-04,26.3,3.7
L02,2024-11-05,34.6,4.9
L02,2024-11-06,44.5,0.7
L02,2024-11-07,29.5,8.2
L02,2024-11-08,27.5,2.1
L02,2024-11-09,21.0,0.1
L02,2024-11-10,22.4,19.0
L02,2024-11-11,20.9,7.9
L02,2024-11-12,21.5,0.7
L02,2024-11-13,21.2,3.5
L02,2024-11-14,21.1,3.1
L02,2024-11-15,31.9,0.1
L02,2024-11-16,33.6,4.1
L02,2024-11-17,21.2,1.5
L02,2024-11-18,25.3,1.1
L02,2024-11-19,27.6,3.0
L02,2024-11-20,26.0,2.3
L02,2024-11-21,17.1,3.8
L02,2024-11-22,22.9,3.4
L02,2024-11-23,33.0,3.2
L02,2024-11-24,28.1,0.2
L02,2024-11-25,36.1,12.8
L02,2024-11-26,26.0,0.1
L02,2024-11-27,18.1,2.3
L02,2024-11-28,25.9,0.4
L02,2024-11-29,25.7,2.0
L02,2024-11-30,32.6,5.2
L02,2024-12-01,17.6,18.4
L02,2024-12-02,16.8,0.8
L02,2024-12-03,16.8,3.0
L02,2024-12-04,17.5,14.6
L02,2024-12-05,15.2,2.7
L02,2024-12-06,18.0,19.2
L02,2024-12-07,7.2,1.6
L02,2024-12-08,17.4,8.7
L02,2024-12-09,14.4,0.1
L02,2024-12-10,19.7,1.5
L02,2024-12-11,15.1,8.1
L02,2024-12-12,15.3,0.5
L02,2024-12-13,7.5,0.7
L02,2024-12-14,16.6,5.8
L02,2024-12-15,15.7,5.8
L02,2024-12-16,12.2,2.3
L02,2024-12-17,16.6,6.7
L02,2024-12-18,11.8,9.0
L02,2024-12-19,9.1,6.1
L02,2024-12-20,25.2,4.8
L02,2024-12-21,11.9,8.4
L02,2024-12-22,14.1,11.4
L02,2024-12-23,11.7,5.4
L02,2024-12-24,16.2,1.5
L02,2024-12-25,21.1,0.7
L02,2024-12-26,24.7,5.4
L02,2024-12-27,18.3,3.2
L02,2024-12-28,18.7,4.6
L02,2024-12-29,20.9,2.3
L02,2024-12-30,21.1,3.7
L02,2024-12-31,22.1,2.3
L03,2024-01-01,16.1,1.3
L03,2024-01-02,13.4,5.8
L03,2024-01-03,23.0,3.4
L03,2024-01-04,21.6,7.4
L03,2024-01-05,7.2,2.1
L03,2024-01-06,14.7,17.9
L03,2024-01-07,12.2,7.2
L03,2024-01-08,20.9,14.1
L03,2024-01-09,18.0,2.2
L03,2024-01-10,21.3,7.0
L03,2024-01-11,16.4,2.4
L03,2024-01-12,15.3,16.2
L03,2024-01-13,20.2,6.9
L03,2024-01-14,14.9,2.1
L03,2024-01-15,12.0,0.7
L03,2024-01-16,24.5,1.9
L03,2024-01-17,7.4,0.8
L03,2024-01-18,9.2,20.9
L03,2024-01-19,11.0,1.6
L03,2024-01-20,18.9,6.5
L03,2024-01-21,24.3,2.8
L03,2024-01-22,17.0,0.9
L03,2024-01-23,19.8,13.7
L03,2024-01-24,17.3,11.9
L03,2024-01-25,25.1,8.9
L03,2024-01-26,9.1,4.6
L03,2024-01-27,15.9,9.0
L03,2024-01-28,19.8,14.5
L03,2024-01-29,12.8,1.9
L03,2024-01-30,10.7,10.2
L03,2024-01-31,20.3,9.3
L03,2024-02-01,6.7,7.3
L03,2024-02-02,5.8,3.1
L03,2024-02-03,6.4,1.4
L03,2024-02-04,14.5,12.2
L03,2024-02-05,11.0,0.0
L03,2024-02-06,11.6,2.0
L03,2024-02-07,15.9,3.7
L03,2024-02-08,17.9,2.5
L03,2024-02-09,6.0,5.7
L03,2024-02-10,8.5,3.2
L03,2024-02-11,12.6,2.8
L03,2024-02-12,12.2,3.5
L03,2024-02-13,15.7,1.1
L03,2024-02-14,15.3,1.4
L03,2024-02-15,24.5,1.9
L03,2024-02-16,20.0,0.5
L03,2024-02-17,13.4,2.7
L03,2024-02-18,18.1,2.4
L03,2024-02-19,13.6,1.6
L03,2024-02-20,13.0,0.5
L03,2024-02-21,14.4,3.8
L03,2024-02-22,12.8,4.4
L03,2024-02-23,14.4,11.4
L03,2024-02-24,7.6,0.0
L03,2024-02-25,18.3,6.7
L03,2024-02-26,14.8,3.6
L03,2024-02-27,5.0,9.4
L03,2024-02-28,14.9,8.2
L03,2024-02-29,14.8,0.2
L03,2024-03-01,23.9,5.5
L03,2024-03-02,24.0,1.3
L03,2024-03-03,27.0,2.9
L03,2024-03-04,31.2,1.1
L03,2024-03-05,22.9,2.0
L03,2024-03-06,25.6,19.2
L03,2024-03-07,38.9,25.6
L03,2024-03-08,22.9,6.5
L03,2024-03-09,23.1,0.4
L03,2024-03-10,23.3,1.4
L03,2024-03-11,19.0,16.5
L03,2024-03-12,29.1,1.0
L03,2024-03-13,32.1,3.0
L03,2024-03-14,26.7,1.1
L03,2024-03-15,18.4,2.8
L03,2024-03-16,29.9,3.6
L03,2024-03-17,19.1,21.0
L03,2024-03-18,26.6,5.3
L03,2024-03-19,20.0,0.0
L03,2024-03-20,28.3,6.0
L03,2024-03-21,26.6,0.8
L03,2024-03-22,24.8,1.2
L03,2024-03-23,32.7,10.8
L03,2024-03-24,22.0,2.0
L03,2024-03-25,33.8,4.1
L03,2024-03-26,22.4,5.2
L03,2024-03-27,34.7,1.3
L03,2024-03-28,29.5,3.2
L03,2024-03-29,26.4,5.6
L03,2024-03-30,19.3,3.3
L03,2024-03-31,23.4,8.9
L03,2024-04-01,21.0,0.2
L03,2024-04-02,18.8,20.7
L03,2024-04-03,34.5,15.4
L03,2024-04-04,21.2,0.4
L03,2024-04-05,20.8,1.0
L03,2024-04-06,25.8,0.7
L03,2024-04-07,23.4,9.7
L03,2024-04-08,28.0,3.5
L03,2024-04-09,28.9,2.8
L03,2024-04-10,24.9,8.5
L03,2024-04-11,26.6,3.8
L03,2024-04-12,16.8,10.3
L03,2024-04-13,21.8,1.8
L03,2024-04-14,29.9,2.5
L03,2024-04-15,19.8,11.4
L03,2024-04-16,24.2,1.8
L03,2024-04-17,14.7,7.6
L03,2024-04-18,18.8,3.8
L03,2024-04-19,29.0,0.6
L03,2024-04-20,21.2,0.0
L03,2024-04-21,30.1,3.2
L03,2024-04-22,24.6,0.1
L03,2024-04-23,22.5,3.6
L03,2024-04-24,31.0,0.3
L03,2024-04-25,21.5,2.5
L03,2024-04-26,31.7,2.3
L03,2024-04-27,24.8,10.8
L03,2024-04-28,29.9,5.3
L03,2024-04-29,15.9,7.2
L03,2024-04-30,28.1,0.6
L03,2024-05-01,16.6,21.5
L03,2024-05-02,27.2,3.9
L03,2024-05-03,23.7,4.7
L03,2024-05-04,24.6,18.2
L03,2024-05-05,23.8,0.8
L03,2024-05-06,27.7,6.8
L03,2024-05-07,32.7,1.0
L03,2024-05-08,20.1,2.6
L03,2024-05-09,27.5,7.2
L03,2024-05-10,29.9,7.3
L03,2024-05-11,31.5,0.2
L03,2024-05-12,17.3,4.7
L03,2024-05-13,32.1,0.5
L03,2024-05-14,24.7,0.8
L03,2024-05-15,29.0,2.2
L03,2024-05-16,21.7,4.4
L03,2024-05-17,22.5,7.2
L03,2024-05-18,21.8,4.8
L03,2024-05-19,18.4,16.7
L03,2024-05-20,20.7,5.6
L03,2024-05-21,26.2,0.6
L03,2024-05-22,22.0,4.2
L03,2024-05-23,26.7,7.8
L03,2024-05-24,22.8,3.7
L03,2024-05-25,27.1,4.1
L03,2024-05-26,31.1,2.9
L03,2024-05-27,25.4,6.9
L03,2024-05-28,27.3,0.4
L03,2024-05-29,26.0,5.5
L03,2024-05-30,17.8,15.5
L03,2024-05-31,22.2,7.0
L03,2024-06-01,40.6,1.6
L03,2024-06-02,39.7,2.2
L03,2024-06-03,36.8,1.8
L03,2024-06-04,35.8,1.9
L03,2024-06-05,41.9,31.1
L03,2024-06-06,38.0,58.3
L03,2024-06-07,32.1,30.7
L03,2024-06-08,32.7,10.9
L03,2024-06-09,39.3,0.6
L03,2024-06-10,34.8,6.8
L03,2024-06-11,38.6,8.7
L03,2024-06-12,32.2,64.9
L03,2024-06-13,31.9,3.0
L03,2024-06-14,28.4,31.4
L03,2024-06-15,34.9,77.4
L03,2024-06-16,34.1,35.9
L03,2024-06-17,27.9,25.9
L03,2024-06-18,36.0,13.8
L03,2024-06-19,35.4,29.2
L03,2024-06-20,32.3,1.9
L03,2024-06-21,34.4,15.3
L03,2024-06-22,35.0,9.9
L03,2024-06-23,34.3,11.6
L03,2024-06-24,34.9,7.9
L03,2024-06-25,34.1,23.7
L03,2024-06-26,35.3,0.0
L03,2024-06-27,34.9,95.3
L03,2024-06-28,31.1,7.5
L03,2024-06-29,32.5,3.2
L03,2024-06-30,40.2,1.9
L03,2024-07-01,32.1,31.9
L03,2024-07-02,38.6,4.5
L03,2024-07-03,34.2,3.1
L03,2024-07-04,37.5,17.5
L03,2024-07-05,41.1,32.7
L03,2024-07-06,30.7,24.0
L03,2024-07-07,33.5,42.8
L03,2024-07-08,39.3,12.4
L03,2024-07-09,39.5,14.4
L03,2024-07-10,37.0,9.3
L03,2024-07-11,31.3,28.1
L03,2024-07-12,36.0,2.4
L03,2024-07-13,25.7,0.4
L03,2024-07-14,30.8,24.5
L03,2024-07-15,29.8,65.8
L03,2024-07-16,40.5,25.3
L03,2024-07-17,32.8,15.5
L03,2024-07-18,34.9,15.3
L03,2024-07-19,41.9,103.9
L03,2024-07-20,37.1,15.9
L03,2024-07-21,43.4,6.7
L03,2024-07-22,36.0,17.3
L03,2024-07-23,39.7,22.8
L03,2024-07-24,36.8,5.7
L03,2024-07-25,32.6,81.1
L03,2024-07-26,32.2,2.2
L03,2024-07-27,31.5,21.7
L03,2024-07-28,35.1,47.0
L03,2024-07-29,32.0,107.8
L03,2024-07-30,31.9,28.3
L03,2024-07-31,33.8,5.0
L03,2024-08-01,35.4,12.6
L03,2024-08-02,39.7,0.1
L03,2024-08-03,34.9,19.4
L03,2024-08-04,36.3,18.6
L03,2024-08-05,37.3,11.3
L03,2024-08-06,21.3,53.6
L03,2024-08-07,32.6,3.0
L03,2024-08-08,34.5,3.9
L03,2024-08-09,36.1,75.1
L03,2024-08-10,36.4,29.2
L03,2024-08-11,36.1,70.1
L03,2024-08-12,38.2,20.4
L03,2024-08-13,30.9,2.6
L03,2024-08-14,33.0,28.0
L03,2024-08-15,40.4,21.4
L03,2024-08-16,36.7,10.3
L03,2024-08-17,33.8,16.3
L03,2024-08-18,40.9,34.1
L03,2024-08-19,29.6,3.0
L03,2024-08-20,31.2,1.1
L03,2024-08-21,38.9,9.5
L03,2024-08-22,32.6,12.1
L03,2024-08-23,37.8,64.4
L03,2024-08-24,27.9,6.2
L03,2024-08-25,38.5,0.1
L03,2024-08-26,36.5,13.2
L03,2024-08-27,38.1,5.7
L03,2024-08-28,37.1,23.3
L03,2024-08-29,33.8,2.2
L03,2024-08-30,39.0,1.8
L03,2024-08-31,32.0,13.7
L03,2024-09-01,28.4,54.5
L03,2024-09-02,23.4,3.5
L03,2024-09-03,17.6,2.1
L03,2024-09-04,26.7,21.7
L03,2024-09-05,32.7,65.9
L03,2024-09-06,24.0,78.0
L03,2024-09-07,25.1,45.7
L03,2024-09-08,31.0,18.6
L03,2024-09-09,33.9,66.5
L03,2024-09-10,30.7,40.2
L03,2024-09-11,26.5,14.4
L03,2024-09-12,22.6,31.2
L03,2024-09-13,24.3,0.3
L03,2024-09-14,30.2,3.4
L03,2024-09-15,26.8,24.8
L03,2024-09-16,27.5,17.1
L03,2024-09-17,28.9,3.3
L03,2024-09-18,34.4,55.6
L03,2024-09-19,19.9,28.0
L03,2024-09-20,26.2,10.7
L03,2024-09-21,32.3,9.9
L03,2024-09-22,24.4,2.8
L03,2024-09-23,17.4,11.9
L03,2024-09-24,30.2,29.3
L03,2024-09-25,29.6,1.3
L03,2024-09-26,32.2,21.6
L03,2024-09-27,26.6,52.7
L03,2024-09-28,31.1,2.4
L03,2024-09-29,38.6,5.3
L03,2024-09-30,27.3,2.8
L03,2024-10-01,34.8,4.4
L03,2024-10-02,29.9,1.0
L03,2024-10-03,36.9,1.1
L03,2024-10-04,22.5,8.2
L03,2024-10-05,25.4,12.2
L03,2024-10-06,23.8,2.5
L03,2024-10-07,35.7,10.1
L03,2024-10-08,26.3,2.4
L03,2024-10-09,27.0,2.5
L03,2024-10-10,25.9,6.8
L03,2024-10-11,26.6,10.1
L03,2024-10-12,33.8,3.2
L03,2024-10-13,34.5,1.5
L03,2024-10-14,22.7,16.7
L03,2024-10-15,21.8,0.7
L03,2024-10-16,33.6,3.9
L03,2024-10-17,32.1,3.7
L03,2024-10-18,35.7,2.1
L03,2024-10-19,33.5,3.2
L03,2024-10-20,34.2,3.1
L03,2024-10-21,27.4,6.0
L03,2024-10-22,32.4,0.3
L03,2024-10-23,35.3,0.3
L03,2024-10-24,30.4,2.4
L03,2024-10-25,30.6,1.5
L03,2024-10-26,22.9,0.3
L03,2024-10-27,38.9,0.9
L03,2024-10-28,26.7,5.0
L03,2024-10-29,27.2,9.0
L03,2024-10-30,30.5,0.5
L03,2024-10-31,24.8,4.3
L03,2024-11-01,28.7,3.3
L03,2024-11-02,20.0,0.9
L03,2024-11-03,17.7,7.7
L03,2024-11-04,21.1,3.1
L03,2024-11-05,28.5,9.9
L03,2024-11-06,33.3,4.6
L03,2024-11-07,14.1,2.7
L03,2024-11-08,25.6,1.2
L03,2024-11-09,31.5,8.2
L03,2024-11-10,32.7,6.1
L03,2024-11-11,30.4,2.3
L03,2024-11-12,27.5,11.3
L03,2024-11-13,30.0,0.3
L03,2024-11-14,17.8,5.4
L03,2024-11-15,24.4,1.1
L03,2024-11-16,37.0,4.8
L03,2024-11-17,35.8,2.6
L03,2024-11-18,20.2,1.6
L03,2024-11-19,25.7,5.4
L03,2024-11-20,27.8,0.3
L03,2024-11-21,29.3,2.4
L03,2024-11-22,28.0,2.7
L03,2024-11-23,36.9,5.0
L03,2024-11-24,31.0,3.4
L03,2024-11-25,30.5,5.2
L03,2024-11-26,31.6,6.0
L03,2024-11-27,29.7,6.2
L03,2024-11-28,22.2,1.4
L03,2024-11-29,28.6,4.6
L03,2024-11-30,25.9,0.4
L03,2024-12-01,19.0,1.4
L03,2024-12-02,6.3,2.6
L03,2024-12-03,14.2,2.9
L03,2024-12-04,16.0,3.7
L03,2024-12-05,18.8,9.0
L03,2024-12-06,9.3,5.6
L03,2024-12-07,14.7,7.1
L03,2024-12-08,7.8,1.9
L03,2024-12-09,20.5,2.8
L03,2024-12-10,26.8,1.8
L03,2024-12-11,11.5,31.5
L03,2024-12-12,16.6,4.4
L03,2024-12-13,17.7,0.7
L03,2024-12-14,7.7,2.3
L03,2024-12-15,26.1,5.2
L03,2024-12-16,16.5,1.9
L03,2024-12-17,13.5,8.7
L03,2024-12-18,14.5,5.6
L03,2024-12-19,17.0,5.6
L03,2024-12-20,12.1,18.4
L03,2024-12-21,13.9,6.3
L03,2024-12-22,13.8,3.3
L03,2024-12-23,11.4,1.9
L03,2024-12-24,21.7,1.4
L03,2024-12-25,11.7,5.4
L03,2024-12-26,8.4,11.2
L03,2024-12-27,14.3,5.3
L03,2024-12-28,13.3,8.2
L03,2024-12-29,22.2,0.2
L03,2024-12-30,11.0,0.4
L03,2024-12-31,16.7,9.4
L04,2024-01-01,9.7,1.6
L04,2024-01-02,10.2,1.2
L04,2024-01-03,6.2,3.7
L04,2024-01-04,12.5,2.1
L04,2024-01-05,26.7,5.2
L04,2024-01-06,16.4,3.1
L04,2024-01-07,7.4,20.9
L04,2024-01-08,19.6,3.0
L04,2024-01-09,16.8,5.9
L04,2024-01-10,14.7,1.9
L04,2024-01-11,17.1,4.2
L04,2024-01-12,7.4,0.8
L04,2024-01-13,15.5,12.8
L04,2024-01-14,11.0,6.5
L04,2024-01-15,26.6,0.5
L04,2024-01-16,5.0,2.1
L04,2024-01-17,10.0,6.9
L04,2024-01-18,13.0,1.3
L04,2024-01-19,9.6,1.5
L04,2024-01-20,15.4,11.5
L04,2024-01-21,13.0,0.3
L04,2024-01-22,6.0,9.8
L04,2024-01-23,15.3,2.7
L04,2024-01-24,12.5,3.6
L04,2024-01-25,12.0,2.5
L04,2024-01-26,8.5,12.3
L04,2024-01-27,21.7,1.8
L04,2024-01-28,12.1,1.3
L04,2024-01-29,9.8,1.6
L04,2024-01-30,10.2,5.2
L04,2024-01-31,16.3,13.3
L04,2024-02-01,10.6,3.2
L04,2024-02-02,13.8,0.2
L04,2024-02-03,9.4,24.6
L04,2024-02-04,16.0,0.2
L04,2024-02-05,17.5,0.6
L04,2024-02-06,21.5,5.6
L04,2024-02-07,19.7,8.6
L04,2024-02-08,11.8,0.1
L04,2024-02-09,12.6,0.1
L04,2024-02-10,17.3,29.9
L04,2024-02-11,14.1,0.1
L04,2024-02-12,7.0,5.7
L04,2024-02-13,17.6,2.6
L04,2024-02-14,21.9,16.0
L04,2024-02-15,13.9,10.2
L04,2024-02-16,10.3,8.0
L04,2024-02-17,14.3,0.2
L04,2024-02-18,23.3,7.5
L04,2024-02-19,8.0,10.9
L04,2024-02-20,5.7,2.5
L04,2024-02-21,7.2,2.3
L04,2024-02-22,15.2,0.6
L04,2024-02-23,19.5,5.4
L04,2024-02-24,8.2,1.0
L04,2024-02-25,15.2,8.5
L04,2024-02-26,17.6,0.4
L04,2024-02-27,32.6,3.0
L04,2024-02-28,9.2,3.6
L04,2024-02-29,10.6,2.5
L04,2024-03-01,22.9,0.3
L04,2024-03-02,26.0,3.0
L04,2024-03-03,15.7,3.2
L04,2024-03-04,29.0,2.0
L04,2024-03-05,24.5,3.4
L04,2024-03-06,18.3,0.1
L04,2024-03-07,25.5,13.0
L04,2024-03-08,21.2,2.3
L04,2024-03-09,25.6,18.8
L04,2024-03-10,34.5,1.6
L04,2024-03-11,25.1,5.0
L04,2024-03-12,24.5,3.0
L04,2024-03-13,28.7,1.9
L04,2024-03-14,26.2,0.3
L04,2024-03-15,20.9,0.9
L04,2024-03-16,27.7,1.7
L04,2024-03-17,32.8,4.9
L04,2024-03-18,25.5,4.8
L04,2024-03-19,25.4,2.1
L04,2024-03-20,19.0,11.0
L04,2024-03-21,24.6,3.1
L04,2024-03-22,25.7,1.5
L04,2024-03-23,27.4,4.3
L04,2024-03-24,21.7,2.1
L04,2024-03-25,37.2,1.0
L04,2024-03-26,33.4,2.7
L04,2024-03-27,27.3,1.5
L04,2024-03-28,19.9,5.9
L04,2024-03-29,18.2,0.6
L04,2024-03-30,17.6,0.9
L04,2024-03-31,20.7,2.5
L04,2024-04-01,25.3,1.6
L04,2024-04-02,27.0,7.4
L04,2024-04-03,23.7,3.7
L04,2024-04-04,27.9,3.5
L04,2024-04-05,23.7,9.6
L04,2024-04-06,22.9,0.6
L04,2024-04-07,27.8,10.0
L04,2024-04-08,15.9,7.2
L04,2024-04-09,25.2,6.7
L04,2024-04-10,25.9,4.9
L04,2024-04-11,23.6,0.1
L04,2024-04-12,25.0,4.1
L04,2024-04-13,25.3,2.6
L04,2024-04-14,34.3,1.2
L04,2024-04-15,39.9,8.1
L04,2024-04-16,27.0,0.9
L04,2024-04-17,33.8,0.4
L04,2024-04-18,26.9,5.8
L04,2024-04-19,27.2,1.3
L04,2024-04-20,22.0,0.3
L04,2024-04-21,26.1,0.8
L04,2024-04-22,21.6,3.8
L04,2024-04-23,30.0,0.9
L04,2024-04-24,33.1,7.0
L04,2024-04-25,26.2,1.4
L04,2024-04-26,23.1,26.7
L04,2024-04-27,32.3,3.5
L04,2024-04-28,29.1,10.2
L04,2024-04-29,28.2,1.1
L04,2024-04-30,27.6,12.0
L04,2024-05-01,23.0,7.4
L04,2024-05-02,33.1,1.8
L04,2024-05-03,25.0,0.9
L04,2024-05-04,23.8,3.8
L04,2024-05-05,29.4,3.0
L04,2024-05-06,16.4,2.7
L04,2024-05-07,32.2,6.1
L04,2024-05-08,26.4,8.8
L04,2024-05-09,22.5,2.1
L04,2024-05-10,19.3,8.9
L04,2024-05-11,21.2,0.1
L04,2024-05-12,27.3,1.0
L04,2024-05-13,23.7,10.6
L04,2024-05-14,30.7,3.0
L04,2024-05-15,30.5,15.6
L04,2024-05-16,25.8,5.7
L04,2024-05-17,32.3,5.6
L04,2024-05-18,19.9,1.0
L04,2024-05-19,14.4,1.5
L04,2024-05-20,21.9,14.3
L04,2024-05-21,19.9,1.4
L04,2024-05-22,30.2,3.2
L04,2024-05-23,23.7,1.9
L04,2024-05-24,20.9,1.4
L04,2024-05-25,21.0,8.3
L04,2024-05-26,20.6,4.3
L04,2024-05-27,20.6,2.9
L04,2024-05-28,29.9,1.9
L04,2024-05-29,30.8,3.2
L04,2024-05-30,18.2,3.0
L04,2024-05-31,19.0,2.6
L04,2024-06-01,38.3,8.4
L04,2024-06-02,34.8,0.3
L04,2024-06-03,34.9,4.6
L04,2024-06-04,34.7,21.3
L04,2024-06-05,33.0,17.7
L04,2024-06-06,32.4,10.4
L04,2024-06-07,42.4,1.0
L04,2024-06-08,34.8,120.0
L04,2024-06-09,31.6,1.3
L04,2024-06-10,33.8,6.4
L04,2024-06-11,43.4,19.8
L04,2024-06-12,34.4,2.8
L04,2024-06-13,38.1,8.2
L04,2024-06-14,29.8,25.8
L04,2024-06-15,37.1,32.5
L04,2024-06-16,32.4,2.5
L04,2024-06-17,36.5,12.9
L04,2024-06-18,31.2,4.9
L04,2024-06-19,33.3,21.2
L04,2024-06-20,28.7,6.5
L04,2024-06-21,41.7,10.4
L04,2024-06-22,32.9,31.5
L04,2024-06-23,37.4,46.2
L04,2024-06-24,37.3,45.2
L04,2024-06-25,37.0,6.6
L04,2024-06-26,41.9,24.5
L04,2024-06-27,35.5,28.9
L04,2024-06-28,37.3,11.7
L04,2024-06-29,44.7,35.7
L04,2024-06-30,34.9,0.5
L04,2024-07-01,34.6,48.9
L04,2024-07-02,40.4,6.9
L04,2024-07-03,39.9,2.1
L04,2024-07-04,36.8,20.6
L04,2024-07-05,33.3,120.0
L04,2024-07-06,34.0,41.3
L04,2024-07-07,41.8,17.6
L04,2024-07-08,34.3,20.3
L04,2024-07-09,37.3,3.1
L04,2024-07-10,41.5,0.8
L04,2024-07-11,35.9,8.7
L04,2024-07-12,35.1,9.7
L04,2024-07-13,39.9,60.6
L04,2024-07-14,38.5,15.2
L04,2024-07-15,37.6,3.0
L04,2024-07-16,36.1,0.7
L04,2024-07-17,33.7,3.0
L04,2024-07-18,37.9,8.7
L04,2024-07-19,36.1,66.8
L04,2024-07-20,38.0,1.1
L04,2024-07-21,32.9,112.0
L04,2024-07-22,38.6,15.0
L04,2024-07-23,38.4,15.3
L04,2024-07-24,25.7,22.4
L04,2024-07-25,27.7,30.9
L04,2024-07-26,36.9,1.6
L04,2024-07-27,45.0,11.5
L04,2024-07-28,33.2,16.4
L04,2024-07-29,39.4,19.6
L04,2024-07-30,37.7,16.6
L04,2024-07-31,36.2,12.1
L04,2024-08-01,25.7,7.7
L04,2024-08-02,32.9,4.9
L04,2024-08-03,31.0,20.9
L04,2024-08-04,35.8,13.7
L04,2024-08-05,37.0,32.3
L04,2024-08-06,36.2,72.3
L04,2024-08-07,32.8,16.0
L04,2024-08-08,39.5,19.0
L04,2024-08-09,33.1,19.5
L04,2024-08-10,37.1,3.5
L04,2024-08-11,37.5,18.2
L04,2024-08-12,34.9,10.2
L04,2024-08-13,41.1,3.5
L04,2024-08-14,26.2,58.4
L04,2024-08-15,31.5,27.4
L04,2024-08-16,36.3,6.5
L04,2024-08-17,42.8,94.3
L04,2024-08-18,38.7,17.3
L04,2024-08-19,35.2,3.1
L04,2024-08-20,40.4,20.7
L04,2024-08-21,34.6,7.8
L04,2024-08-22,37.7,18.6
L04,2024-08-23,30.9,35.0
L04,2024-08-24,32.5,16.8
L04,2024-08-25,33.9,2.4
L04,2024-08-26,41.4,10.4
L04,2024-08-27,34.1,17.4
L04,2024-08-28,35.9,6.9
L04,2024-08-29,36.2,0.4
L04,2024-08-30,32.2,1.4
L04,2024-08-31,34.6,6.0
L04,2024-09-01,28.3,49.1
L04,2024-09-02,24.5,7.4
L04,2024-09-03,30.9,2.0
L04,2024-09-04,30.7,9.8
L04,2024-09-05,32.8,13.4
L04,2024-09-06,16.6,14.8
L04,2024-09-07,32.5,12.4
L04,2024-09-08,16.0,31.3
L04,2024-09-09,33.5,0.8
L04,2024-09-10,29.1,41.5
L04,2024-09-11,27.4,33.7
L04,2024-09-12,24.6,13.7
L04,2024-09-13,26.4,1.1
L04,2024-09-14,31.7,120.0
L04,2024-09-15,22.3,3.3
L04,2024-09-16,20.7,1.2
L04,2024-09-17,27.4,36.3
L04,2024-09-18,27.7,8.9
L04,2024-09-19,17.6,76.5
L04,2024-09-20,36.2,1.2
L04,2024-09-21,34.9,62.4
L04,2024-09-22,24.5,30.3
L04,2024-09-23,28.9,6.5
L04,2024-09-24,30.8,21.1
L04,2024-09-25,21.4,29.9
L04,2024-09-26,19.8,1.5
L04,2024-09-27,28.2,24.5
L04,2024-09-28,36.2,5.7
L04,2024-09-29,24.8,38.1
L04,2024-09-30,19.3,7.5
L04,2024-10-01,27.2,4.8
L04,2024-10-02,23.8,3.2
L04,2024-10-03,26.4,4.2
L04,2024-10-04,30.8,3.9
L04,2024-10-05,27.5,8.4
L04,2024-10-06,26.9,1.8
L04,2024-10-07,35.6,4.0
L04,2024-10-08,20.5,6.5
L04,2024-10-09,28.7,3.0
L04,2024-10-10,25.7,9.2
L04,2024-10-11,26.4,8.7
L04,2024-10-12,30.7,17.0
L04,2024-10-13,26.8,2.0
L04,2024-10-14,34.9,7.9
L04,2024-10-15,34.9,0.5
L04,2024-10-16,27.0,1.6
L04,2024-10-17,27.4,5.3
L04,2024-10-18,26.6,1.1
L04,2024-10-19,31.9,3.9
L04,2024-10-20,21.2,5.9
L04,2024-10-21,27.1,5.2
L04,2024-10-22,30.3,2.1
L04,2024-10-23,27.2,4.9
L04,2024-10-24,30.1,8.3
L04,2024-10-25,28.5,6.5
L04,2024-10-26,24.6,2.9
L04,2024-10-27,33.2,6.9
L04,2024-10-28,29.9,5.2
L04,2024-10-29,26.2,13.4
L04,2024-10-30,25.5,18.8
L04,2024-10-31,31.3,1.8
L04,2024-11-01,27.8,4.3
L04,2024-11-02,27.6,1.5
L04,2024-11-03,23.5,5.6
L04,2024-11-04,37.5,0.3
L04,2024-11-05,35.7,2.5
L04,2024-11-06,26.1,10.6
L04,2024-11-07,31.3,3.9
L04,2024-11-08,29.4,2.0
L04,2024-11-09,23.4,4.9
L04,2024-11-10,30.9,3.2
L04,2024-11-11,28.3,1.8
L04,2024-11-12,23.6,0.6
L04,2024-11-13,16.2,0.4
L04,2024-11-14,22.7,3.2
L04,2024-11-15,23.7,2.5
L04,2024-11-16,24.8,3.4
L04,2024-11-17,28.0,7.3
L04,2024-11-18,29.9,1.3
L04,2024-11-19,27.7,9.7
L04,2024-11-20,30.1,1.8
L04,2024-11-21,27.5,5.5
L04,2024-11-22,33.2,3.1
L04,2024-11-23,15.6,2.1
L04,2024-11-24,17.9,1.4
L04,2024-11-25,30.1,7.6
L04,2024-11-26,26.9,1.3
L04,2024-11-27,36.9,2.5
L04,2024-11-28,28.0,2.2
L04,2024-11-29,28.4,12.7
L04,2024-11-30,23.7,2.0
L04,2024-12-01,5.4,6.6
L04,2024-12-02,14.6,5.9
L04,2024-12-03,5.9,3.3
L04,2024-12-04,11.3,6.0
L04,2024-12-05,10.7,1.8
L04,2024-12-06,9.2,8.5
L04,2024-12-07,13.5,4.4
L04,2024-12-08,15.5,6.2
L04,2024-12-09,20.9,3.1
L04,2024-12-10,6.7,3.6
L04,2024-12-11,11.7,9.0
L04,2024-12-12,26.5,2.7
L04,2024-12-13,23.8,0.1
L04,2024-12-14,19.3,8.4
L04,2024-12-15,17.6,9.6
L04,2024-12-16,17.9,0.5
L04,2024-12-17,17.7,3.1
L04,2024-12-18,16.3,2.3
L04,2024-12-19,15.6,1.0
L04,2024-12-20,12.7,0.2
L04,2024-12-21,15.4,4.3
L04,2024-12-22,14.9,1.5
L04,2024-12-23,15.4,0.1
L04,2024-12-24,17.8,6.5
L04,2024-12-25,8.0,2.5
L04,2024-12-26,12.8,14.3
L04,2024-12-27,23.8,4.2
L04,2024-12-28,22.0,2.4
L04,2024-12-29,14.8,6.6
L04,2024-12-30,8.8,12.8
L04,2024-12-31,9.1,1.4
L05,2024-01-01,17.5,16.2
L05,2024-01-02,14.9,2.8
L05,2024-01-03,8.8,5.2
L05,2024-01-04,19.3,14.9
L05,2024-01-05,21.5,1.3
L05,2024-01-06,22.5,5.7
L05,2024-01-07,11.2,3.0
L05,2024-01-08,21.8,10.7
L05,2024-01-09,19.3,4.2
L05,2024-01-10,20.0,4.6
L05,2024-01-11,16.7,1.8
L05,2024-01-12,8.9,5.9
L05,2024-01-13,10.4,2.6
L05,2024-01-14,25.8,6.4
L05,2024-01-15,16.8,2.4
L05,2024-01-16,8.6,1.0
L05,2024-01-17,13.5,11.5
L05,2024-01-18,9.2,3.7
L05,2024-01-19,10.4,2.6
L05,2024-01-20,20.7,6.7
L05,2024-01-21,13.9,3.9
L05,2024-01-22,16.4,4.5
L05,2024-01-23,13.1,7.6
L05,2024-01-24,15.4,1.6
L05,2024-01-25,15.5,2.3
L05,2024-01-26,10.9,16.2
L05,2024-01-27,18.2,1.1
L05,2024-01-28,19.6,2.3
L05,2024-01-29,12.8,0.0
L05,2024-01-30,18.8,6.2
L05,2024-01-31,19.1,7.3
L05,2024-02-01,9.9,0.7
L05,2024-02-02,6.0,6.6
L05,2024-02-03,10.3,2.2
L05,2024-02-04,22.5,34.5
L05,2024-02-05,14.6,0.1
L05,2024-02-06,18.4,7.5
L05,2024-02-07,16.2,6.8
L05,2024-02-08,11.0,6.0
L05,2024-02-09,20.1,1.8
L05,2024-02-10,9.8,0.8
L05,2024-02-11,6.7,0.2
L05,2024-02-12,24.0,8.0
L05,2024-02-13,10.0,0.7
L05,2024-02-14,16.0,3.6
L05,2024-02-15,5.5,2.4
L05,2024-02-16,14.1,15.0
L05,2024-02-17,14.3,11.9
L05,2024-02-18,14.2,3.3
L05,2024-02-19,9.8,4.7
L05,2024-02-20,16.4,9.6
L05,2024-02-21,27.2,2.2
L05,2024-02-22,13.8,6.7
L05,2024-02-23,7.5,9.3
L05,2024-02-24,16.5,5.8
L05,2024-02-25,25.0,1.5
L05,2024-02-26,16.1,9.8
L05,2024-02-27,11.3,6.0
L05,2024-02-28,13.0,13.8
L05,2024-02-29,17.3,2.6
L05,2024-03-01,23.0,0.8
L05,2024-03-02,29.1,3.9
L05,2024-03-03,28.3,12.1
L05,2024-03-04,21.9,6.5
L05,2024-03-05,34.6,0.4
L05,2024-03-06,17.8,4.3
L05,2024-03-07,22.5,3.3
L05,2024-03-08,15.9,2.1
L05,2024-03-09,19.4,3.9
L05,2024-03-10,26.4,4.2
L05,2024-03-11,32.3,12.8
L05,2024-03-12,29.4,3.4
L05,2024-03-13,25.9,2.4
L05,2024-03-14,24.1,1.6
L05,2024-03-15,29.1,0.1
L05,2024-03-16,22.6,5.1
L05,2024-03-17,18.4,2.2
L05,2024-03-18,32.6,1.8
L05,2024-03-19,30.5,9.0
L05,2024-03-20,30.7,0.8
L05,2024-03-21,25.8,7.3
L05,2024-03-22,28.3,0.4
L05,2024-03-23,31.7,5.7
L05,2024-03-24,29.2,15.2
L05,2024-03-25,28.9,10.5
L05,2024-03-26,29.0,10.5
L05,2024-03-27,24.1,1.8
L05,2024-03-28,20.2,2.3
L05,2024-03-29,31.1,0.2
L05,2024-03-30,28.7,1.3
L05,2024-03-31,23.2,5.8
L05,2024-04-01,22.7,4.5
L05,2024-04-02,22.2,0.8
L05,2024-04-03,30.6,2.8
L05,2024-04-04,27.3,0.8
L05,2024-04-05,25.0,5.0
L05,2024-04-06,29.7,2.4
L05,2024-04-07,35.6,7.2
L05,2024-04-08,21.0,2.1
L05,2024-04-09,24.4,4.2
L05,2024-04-10,22.2,3.9
L05,2024-04-11,21.2,2.1
L05,2024-04-12,29.3,4.5
L05,2024-04-13,33.4,6.2
L05,2024-04-14,22.0,4.3
L05,2024-04-15,34.4,20.1
L05,2024-04-16,21.9,1.8
L05,2024-04-17,26.7,3.0
L05,2024-04-18,27.0,5.7
L05,2024-04-19,25.3,13.2
L05,2024-04-20,25.8,6.9
L05,2024-04-21,17.5,0.1
L05,2024-04-22,20.3,3.0
L05,2024-04-23,26.2,4.7
L05,2024-04-24,21.6,7.0
L05,2024-04-25,27.1,1.8
L05,2024-04-26,19.4,3.1
L05,2024-04-27,24.6,3.3
L05,2024-04-28,19.0,0.7
L05,2024-04-29,32.2,2.6
L05,2024-04-30,28.2,0.3
L05,2024-05-01,25.9,3.2
L05,2024-05-02,24.2,1.4
L05,2024-05-03,25.0,3.1
L05,2024-05-04,33.4,0.9
L05,2024-05-05,29.5,4.1
L05,2024-05-06,16.5,0.4
L05,2024-05-07,31.9,0.7
L05,2024-05-08,27.8,4.8
L05,2024-05-09,22.3,3.6
L05,2024-05-10,35.6,3.6
L05,2024-05-11,25.3,1.4
L05,2024-05-12,23.6,0.4
L05,2024-05-13,25.3,3.4
L05,2024-05-14,26.1,0.7
L05,2024-05-15,23.8,0.5
L05,2024-05-16,33.3,17.3
L05,2024-05-17,29.6,6.3
L05,2024-05-18,21.3,7.7
L05,2024-05-19,37.4,5.4
L05,2024-05-20,23.4,1.6
L05,2024-05-21,19.9,14.5
L05,2024-05-22,30.8,9.5
L05,2024-05-23,25.1,5.2
L05,2024-05-24,23.7,1.9
L05,2024-05-25,23.1,5.8
L05,2024-05-26,27.9,0.4
L05,2024-05-27,28.8,22.1
L05,2024-05-28,26.8,4.0
L05,2024-05-29,20.8,8.0
L05,2024-05-30,25.0,4.7
L05,2024-05-31,20.8,1.8
L05,2024-06-01,32.1,12.7
L05,2024-06-02,37.6,36.7
L05,2024-06-03,35.2,8.3
L05,2024-06-04,41.8,18.5
L05,2024-06-05,33.7,3.5
L05,2024-06-06,37.3,8.3
L05,2024-06-07,32.0,44.5
L05,2024-06-08,30.4,2.5
L05,2024-06-09,38.5,10.3
L05,2024-06-10,37.8,0.2
L05,2024-06-11,25.4,11.0
L05,2024-06-12,35.3,44.0
L05,2024-06-13,31.6,8.1
L05,2024-06-14,31.9,7.5
L05,2024-06-15,30.3,9.4
L05,2024-06-16,45.0,6.2
L05,2024-06-17,34.0,0.4
L05,2024-06-18,39.8,11.1
L05,2024-06-19,32.3,19.5
L05,2024-06-20,35.9,25.7
L05,2024-06-21,37.5,3.7
L05,2024-06-22,32.2,1.0
L05,2024-06-23,28.7,19.3
L05,2024-06-24,36.1,9.6
L05,2024-06-25,32.9,58.4
L05,2024-06-26,27.3,0.8
L05,2024-06-27,29.4,8.8
L05,2024-06-28,34.6,35.0
L05,2024-06-29,35.8,10.7
L05,2024-06-30,40.5,28.0
L05,2024-07-01,36.8,10.2
L05,2024-07-02,35.0,5.3
L05,2024-07-03,37.0,41.2
L05,2024-07-04,24.4,26.6
L05,2024-07-05,35.4,48.4
L05,2024-07-06,38.1,20.0
L05,2024-07-07,32.1,41.5
L05,2024-07-08,31.5,58.6
L05,2024-07-09,33.2,20.7
L05,2024-07-10,36.2,12.9
L05,2024-07-11,36.2,25.1
L05,2024-07-12,37.1,11.9
L05,2024-07-13,36.0,14.1
L05,2024-07-14,33.1,3.1
L05,2024-07-15,39.5,5.5
L05,2024-07-16,36.2,12.1
L05,2024-07-17,38.2,37.4
L05,2024-07-18,39.5,6.8
L05,2024-07-19,34.8,14.3
L05,2024-07-20,30.2,5.5
L05,2024-07-21,34.6,34.9
L05,2024-07-22,35.9,33.2
L05,2024-07-23,35.1,5.1
L05,2024-07-24,40.8,3.1
L05,2024-07-25,38.0,6.1
L05,2024-07-26,30.5,9.0
L05,2024-07-27,25.7,1.9
L05,2024-07-28,32.7,13.2
L05,2024-07-29,35.8,9.1
L05,2024-07-30,38.0,11.3
L05,2024-07-31,33.7,11.9
L05,2024-08-01,33.6,18.3
L05,2024-08-02,36.3,39.5
L05,2024-08-03,29.3,2.1
L05,2024-08-04,36.4,33.0
L05,2024-08-05,35.2,17.9
L05,2024-08-06,39.8,0.2
L05,2024-08-07,35.8,33.3
L05,2024-08-08,36.0,0.3
L05,2024-08-09,35.0,11.3
L05,2024-08-10,30.8,17.6
L05,2024-08-11,24.8,16.3
L05,2024-08-12,40.4,22.8
L05,2024-08-13,36.0,8.5
L05,2024-08-14,32.1,43.7
L05,2024-08-15,32.2,51.4
L05,2024-08-16,36.5,59.0
L05,2024-08-17,40.5,19.6
L05,2024-08-18,25.9,70.3
L05,2024-08-19,35.5,5.2
L05,2024-08-20,39.7,9.9
L05,2024-08-21,36.0,102.8
L05,2024-08-22,37.3,29.0
L05,2024-08-23,35.1,10.3
L05,2024-08-24,31.2,5.9
L05,2024-08-25,30.3,2.8
L05,2024-08-26,35.3,5.1
L05,2024-08-27,35.2,3.2
L05,2024-08-28,37.0,85.5
L05,2024-08-29,34.9,8.4
L05,2024-08-30,32.7,5.9
L05,2024-08-31,30.6,9.5
L05,2024-09-01,29.5,11.9
L05,2024-09-02,28.4,29.5
L05,2024-09-03,30.8,11.3
L05,2024-09-04,34.0,3.4
L05,2024-09-05,33.8,47.9
L05,2024-09-06,35.3,8.1
L05,2024-09-07,21.0,10.7
L05,2024-09-08,26.3,5.1
L05,2024-09-09,30.7,32.5
L05,2024-09-10,27.3,90.4
L05,2024-09-11,23.0,11.6
L05,2024-09-12,27.9,22.0
L05,2024-09-13,26.1,30.5
L05,2024-09-14,27.1,9.6
L05,2024-09-15,34.2,4.6
L05,2024-09-16,34.9,3.7
L05,2024-09-17,28.2,16.2
L05,2024-09-18,27.1,5.8
L05,2024-09-19,28.9,5.9
L05,2024-09-20,30.2,46.5
L05,2024-09-21,31.2,22.5
L05,2024-09-22,32.6,5.5
L05,2024-09-23,17.4,18.0
L05,2024-09-24,34.0,18.4
L05,2024-09-25,20.1,11.7
L05,2024-09-26,27.8,4.3
L05,2024-09-27,35.8,15.3
L05,2024-09-28,36.1,19.7
L05,2024-09-29,26.5,47.8
L05,2024-09-30,31.6,28.7
L05,2024-10-01,22.9,3.7
L05,2024-10-02,27.7,0.7
L05,2024-10-03,23.1,1.5
L05,2024-10-04,30.5,3.8
L05,2024-10-05,17.4,6.5
L05,2024-10-06,29.4,4.0
L05,2024-10-07,24.0,0.6
L05,2024-10-08,29.6,7.8
L05,2024-10-09,26.5,3.1
L05,2024-10-10,32.9,2.2
L05,2024-10-11,31.1,10.0
L05,2024-10-12,29.3,7.0
L05,2024-10-13,35.9,1.6
L05,2024-10-14,25.1,0.7
L05,2024-10-15,31.8,7.3
L05,2024-10-16,24.3,11.3
L05,2024-10-17,25.6,10.1
L05,2024-10-18,21.6,6.2
L05,2024-10-19,30.2,7.7
L05,2024-10-20,29.8,1.9
L05,2024-10-21,24.8,8.1
L05,2024-10-22,24.9,13.5
L05,2024-10-23,36.1,10.7
L05,2024-10-24,24.0,0.1
L05,2024-10-25,32.2,7.5
L05,2024-10-26,24.4,1.4
L05,2024-10-27,25.2,2.9
L05,2024-10-28,41.1,0.1
L05,2024-10-29,26.9,3.9
L05,2024-10-30,38.3,1.9
L05,2024-10-31,29.7,3.9
L05,2024-11-01,29.6,11.4
L05,2024-11-02,30.3,5.2
L05,2024-11-03,29.6,2.3
L05,2024-11-04,20.1,3.7
L05,2024-11-05,31.3,5.5
L05,2024-11-06,31.5,3.6
L05,2024-11-07,25.4,18.5
L05,2024-11-08,31.8,0.9
L05,2024-11-09,32.6,0.9
L05,2024-11-10,30.0,10.3
L05,2024-11-11,29.9,2.6
L05,2024-11-12,18.8,1.0
L05,2024-11-13,21.4,3.2
L05,2024-11-14,32.0,1.0
L05,2024-11-15,25.5,3.1
L05,2024-11-16,33.4,0.6
L05,2024-11-17,30.0,10.8
L05,2024-11-18,32.7,7.4
L05,2024-11-19,31.5,5.1
L05,2024-11-20,27.9,6.3
L05,2024-11-21,23.2,0.2
L05,2024-11-22,17.4,1.8
L05,2024-11-23,35.5,14.1
L05,2024-11-24,17.6,8.8
L05,2024-11-25,21.5,2.0
L05,2024-11-26,31.7,0.2
L05,2024-11-27,28.3,10.5
L05,2024-11-28,26.2,17.9
L05,2024-11-29,21.1,0.9
L05,2024-11-30,30.9,3.6
L05,2024-12-01,14.0,2.6
L05,2024-12-02,16.0,1.0
L05,2024-12-03,16.5,0.5
L05,2024-12-04,8.3,2.1
L05,2024-12-05,19.5,1.3
L05,2024-12-06,13.8,5.4
L05,2024-12-07,8.8,5.4
L05,2024-12-08,5.2,4.8
L05,2024-12-09,13.4,1.5
L05,2024-12-10,20.2,22.3
L05,2024-12-11,11.2,1.4
L05,2024-12-12,13.1,21.6
L05,2024-12-13,21.4,0.2
L05,2024-12-14,24.3,0.8
L05,2024-12-15,12.7,2.9
L05,2024-12-16,10.9,1.8
L05,2024-12-17,15.2,2.4
L05,2024-12-18,25.2,0.2
L05,2024-12-19,12.5,6.7
L05,2024-12-20,10.9,1.8
L05,2024-12-21,15.4,10.9
L05,2024-12-22,15.4,1.3
L05,2024-12-23,17.1,0.4
L05,2024-12-24,20.8,1.6
L05,2024-12-25,14.8,0.3
L05,2024-12-26,16.0,8.5
L05,2024-12-27,19.6,8.5
L05,2024-12-28,13.3,3.5
L05,2024-12-29,13.4,0.8
L05,2024-12-30,19.2,4.8
L05,2024-12-31,20.4,2.9
L06,2024-01-01,16.0,8.4
L06,2024-01-02,7.9,12.0
L06,2024-01-03,20.7,8.6
L06,2024-01-04,11.4,1.7
L06,2024-01-05,20.8,1.6
L06,2024-01-06,20.0,12.8
L06,2024-01-07,11.6,1.8
L06,2024-01-08,14.9,1.8
L06,2024-01-09,6.9,3.6
L06,2024-01-10,9.0,1.8
L06,2024-01-11,6.8,10.9
L06,2024-01-12,20.4,2.2
L06,2024-01-13,16.9,7.4
L06,2024-01-14,12.0,2.2
L06,2024-01-15,12.5,0.8
L06,2024-01-16,12.0,2.3
L06,2024-01-17,12.4,3.4
L06,2024-01-18,12.5,0.2
L06,2024-01-19,18.6,1.6
L06,2024-01-20,13.6,3.3
L06,2024-01-21,15.6,1.8
L06,2024-01-22,7.6,3.0
L06,2024-01-23,13.4,5.6
L06,2024-01-24,13.5,3.4
L06,2024-01-25,12.4,0.5
L06,2024-01-26,19.9,0.0
L06,2024-01-27,16.2,2.1
L06,2024-01-28,19.7,3.2
L06,2024-01-29,8.3,1.4
L06,2024-01-30,7.3,22.6
L06,2024-01-31,14.7,12.7
L06,2024-02-01,12.7,16.5
L06,2024-02-02,19.1,9.9
L06,2024-02-03,15.4,3.4
L06,2024-02-04,8.6,2.1
L06,2024-02-05,18.9,2.8
L06,2024-02-06,12.8,1.3
L06,2024-02-07,19.8,1.4
L06,2024-02-08,9.0,1.4
L06,2024-02-09,20.3,9.9
L06,2024-02-10,23.1,4.1
L06,2024-02-11,14.2,7.7
L06,2024-02-12,9.7,1.7
L06,2024-02-13,12.0,3.0
L06,2024-02-14,20.9,6.1
L06,2024-02-15,13.3,2.9
L06,2024-02-16,23.8,0.3
L06,2024-02-17,19.3,3.6
L06,2024-02-18,14.7,10.9
L06,2024-02-19,7.5,3.2
L06,2024-02-20,16.2,2.6
L06,2024-02-21,14.9,1.9
L06,2024-02-22,14.6,2.5
L06,2024-02-23,16.3,10.0
L06,2024-02-24,12.7,4.3
L06,2024-02-25,17.8,0.9
L06,2024-02-26,15.2,1.6
L06,2024-02-27,25.5,1.4
L06,2024-02-28,13.5,2.8
L06,2024-02-29,16.7,8.8
L06,2024-03-01,18.8,5.0
L06,2024-03-02,24.1,1.8
L06,2024-03-03,29.7,1.5
L06,2024-03-04,29.7,2.2
L06,2024-03-05,26.5,7.9
L06,2024-03-06,24.2,1.0
L06,2024-03-07,29.9,26.0
L06,2024-03-08,29.9,5.1
L06,2024-03-09,19.8,0.4
L06,2024-03-10,22.2,8.3
L06,2024-03-11,26.5,1.6
L06,2024-03-12,24.7,1.0
L06,2024-03-13,15.4,1.1
L06,2024-03-14,17.1,9.8
L06,2024-03-15,28.3,5.8
L06,2024-03-16,28.4,0.8
L06,2024-03-17,19.8,2.0
L06,2024-03-18,22.1,5.1
L06,2024-03-19,33.2,2.4
L06,2024-03-20,23.7,2.8
L06,2024-03-21,10.6,1.3
L06,2024-03-22,30.5,2.4
L06,2024-03-23,31.6,5.7
L06,2024-03-24,27.3,13.1
L06,2024-03-25,22.7,1.4
L06,2024-03-26,15.8,3.4
L06,2024-03-27,32.3,14.7
L06,2024-03-28,26.1,6.2
L06,2024-03-29,26.3,3.3
L06,2024-03-30,28.9,4.8
L06,2024-03-31,19.7,0.2
L06,2024-04-01,26.7,5.1
L06,2024-04-02,26.1,0.3
L06,2024-04-03,21.1,6.1
L06,2024-04-04,23.6,0.2
L06,2024-04-05,21.0,1.4
L06,2024-04-06,30.9,15.9
L06,2024-04-07,20.3,1.0
L06,2024-04-08,25.8,15.5
L06,2024-04-09,27.6,2.3
L06,2024-04-10,21.8,0.7
L06,2024-04-11,22.4,0.8
L06,2024-04-12,22.5,9.8
L06,2024-04-13,26.6,0.1
L06,2024-04-14,18.5,2.4
L06,2024-04-15,27.0,12.2
L06,2024-04-16,27.6,9.1
L06,2024-04-17,24.0,8.1
L06,2024-04-18,20.1,9.3
L06,2024-04-19,28.8,4.2
L06,2024-04-20,22.3,8.4
L06,2024-04-21,26.2,0.0
L06,2024-04-22,30.7,1.1
L06,2024-04-23,29.6,4.9
L06,2024-04-24,21.1,9.0
L06,2024-04-25,29.9,7.5
L06,2024-04-26,26.2,9.7
L06,2024-04-27,31.5,0.3
L06,2024-04-28,24.6,19.6
L06,2024-04-29,25.2,0.9
L06,2024-04-30,21.7,0.4
L06,2024-05-01,29.6,4.0
L06,2024-05-02,18.7,16.7
L06,2024-05-03,21.9,10.2
L06,2024-05-04,21.5,2.0
L06,2024-05-05,20.2,6.9
L06,2024-05-06,33.9,13.8
L06,2024-05-07,21.3,4.3
L06,2024-05-08,20.0,1.9
L06,2024-05-09,26.0,4.9
L06,2024-05-10,25.9,4.8
L06,2024-05-11,33.3,8.7
L06,2024-05-12,27.2,8.1
L06,2024-05-13,24.2,3.1
L06,2024-05-14,29.0,6.7
L06,2024-05-15,17.7,0.4
L06,2024-05-16,18.7,1.6
L06,2024-05-17,25.1,4.1
L06,2024-05-18,23.5,18.1
L06,2024-05-19,31.3,4.7
L06,2024-05-20,36.8,1.9
L06,2024-05-21,21.9,2.8
L06,2024-05-22,20.4,0.5
L06,2024-05-23,25.1,3.5
L06,2024-05-24,20.8,10.2
L06,2024-05-25,19.4,3.6
L06,2024-05-26,21.2,16.1
L06,2024-05-27,26.7,2.0
L06,2024-05-28,30.2,3.2
L06,2024-05-29,31.0,10.2
L06,2024-05-30,25.5,0.2
L06,2024-05-31,26.3,2.2
L06,2024-06-01,37.5,23.0
L06,2024-06-02,30.1,36.8
L06,2024-06-03,31.8,71.7
L06,2024-06-04,28.3,9.4
L06,2024-06-05,22.8,71.1
L06,2024-06-06,38.0,7.0
L06,2024-06-07,37.5,4.2
L06,2024-06-08,31.8,4.7
L06,2024-06-09,38.6,3.2
L06,2024-06-10,35.5,15.3
L06,2024-06-11,30.6,11.6
L06,2024-06-12,33.4,12.8
L06,2024-06-13,38.7,5.6
L06,2024-06-14,26.7,27.4
L06,2024-06-15,40.7,12.1
L06,2024-06-16,34.9,8.1
L06,2024-06-17,33.2,5.5
L06,2024-06-18,38.1,10.1
L06,2024-06-19,41.3,2.7
L06,2024-06-20,34.8,14.9
L06,2024-06-21,33.9,49.3
L06,2024-06-22,31.1,9.9
L06,2024-06-23,34.4,24.4
L06,2024-06-24,34.7,22.3
L06,2024-06-25,35.7,2.0
L06,2024-06-26,40.8,31.2
L06,2024-06-27,31.1,14.1
L06,2024-06-28,32.4,22.9
L06,2024-06-29,28.9,4.4
L06,2024-06-30,40.6,10.9
L06,2024-07-01,33.2,72.7
L06,2024-07-02,34.8,65.8
L06,2024-07-03,31.1,12.5
L06,2024-07-04,37.8,113.9
L06,2024-07-05,44.0,13.8
L06,2024-07-06,33.6,0.9
L06,2024-07-07,39.1,9.9
L06,2024-07-08,35.7,15.2
L06,2024-07-09,34.3,17.9
L06,2024-07-10,25.4,51.2
L06,2024-07-11,38.3,24.2
L06,2024-07-12,40.1,1.7
L06,2024-07-13,34.1,2.3
L06,2024-07-14,31.5,30.6
L06,2024-07-15,35.7,24.5
L06,2024-07-16,33.5,20.4
L06,2024-07-17,30.0,2.3
L06,2024-07-18,38.1,28.9
L06,2024-07-19,24.6,10.5
L06,2024-07-20,38.8,59.5
L06,2024-07-21,34.3,3.2
L06,2024-07-22,36.0,78.0
L06,2024-07-23,35.1,19.7
L06,2024-07-24,29.1,35.4
L06,2024-07-25,29.3,13.9
L06,2024-07-26,32.3,17.8
L06,2024-07-27,39.5,33.1
L06,2024-07-28,32.7,27.0
L06,2024-07-29,24.9,17.9
L06,2024-07-30,35.6,15.4
L06,2024-07-31,32.5,3.5
L06,2024-08-01,30.0,3.7
L06,2024-08-02,32.8,6.0
L06,2024-08-03,35.9,10.1
L06,2024-08-04,31.8,0.3
L06,2024-08-05,29.0,63.0
L06,2024-08-06,35.3,19.4
L06,2024-08-07,42.0,42.9
L06,2024-08-08,33.6,27.3
L06,2024-08-09,31.4,47.1
L06,2024-08-10,36.5,28.8
L06,2024-08-11,28.8,19.4
L06,2024-08-12,35.2,23.4
L06,2024-08-13,35.7,23.7
L06,2024-08-14,37.0,8.0
L06,2024-08-15,32.7,7.1
L06,2024-08-16,41.3,13.5
L06,2024-08-17,33.9,15.5
L06,2024-08-18,34.5,42.2
L06,2024-08-19,33.9,35.5
L06,2024-08-20,32.5,0.6
L06,2024-08-21,27.2,102.1
L06,2024-08-22,27.4,7.3
L06,2024-08-23,32.1,2.6
L06,2024-08-24,31.7,18.7
L06,2024-08-25,34.2,11.0
L06,2024-08-26,34.3,34.8
L06,2024-08-27,41.0,3.8
L06,2024-08-28,32.1,13.1
L06,2024-08-29,41.5,69.2
L06,2024-08-30,40.2,36.8
L06,2024-08-31,28.9,5.7
L06,2024-09-01,21.9,2.9
L06,2024-09-02,32.6,8.3
L06,2024-09-03,37.1,81.5
L06,2024-09-04,22.1,25.6
L06,2024-09-05,32.5,5.5
L06,2024-09-06,22.6,41.3
L06,2024-09-07,27.0,3.5
L06,2024-09-08,29.6,2.2
L06,2024-09-09,21.7,53.3
L06,2024-09-10,23.6,8.1
L06,2024-09-11,26.3,2.2
L06,2024-09-12,26.8,30.6
L06,2024-09-13,27.7,32.0
L06,2024-09-14,28.5,7.5
L06,2024-09-15,33.2,20.2
L06,2024-09-16,29.0,26.7
L06,2024-09-17,33.5,2.8
L06,2024-09-18,28.6,4.4
L06,2024-09-19,29.7,0.5
L06,2024-09-20,25.9,15.4
L06,2024-09-21,25.7,2.6
L06,2024-09-22,31.2,22.5
L06,2024-09-23,33.3,8.4
L06,2024-09-24,30.1,78.8
L06,2024-09-25,19.2,11.3
L06,2024-09-26,19.5,42.8
L06,2024-09-27,18.1,2.4
L06,2024-09-28,20.5,18.9
L06,2024-09-29,23.3,16.1
L06,2024-09-30,28.5,36.0
L06,2024-10-01,26.5,1.5
L06,2024-10-02,17.5,3.2
L06,2024-10-03,28.8,3.2
L06,2024-10-04,19.3,1.4
L06,2024-10-05,31.1,3.5
L06,2024-10-06,24.4,21.5
L06,2024-10-07,29.4,0.2
L06,2024-10-08,34.7,5.4
L06,2024-10-09,31.9,3.8
L06,2024-10-10,23.4,1.2
L06,2024-10-11,26.2,10.1
L06,2024-10-12,12.8,7.0
L06,2024-10-13,26.0,2.6
L06,2024-10-14,22.1,5.2
L06,2024-10-15,28.8,1.7
L06,2024-10-16,30.4,11.3
L06,2024-10-17,29.6,3.1
L06,2024-10-18,29.0,2.8
L06,2024-10-19,36.3,2.2
L06,2024-10-20,31.9,7.4
L06,2024-10-21,37.4,4.9
L06,2024-10-22,23.1,1.5
L06,2024-10-23,29.1,8.4
L06,2024-10-24,32.0,6.2
L06,2024-10-25,19.5,3.4
L06,2024-10-26,23.9,1.1
L06,2024-10-27,25.2,2.7
L06,2024-10-28,27.2,7.2
L06,2024-10-29,22.7,0.9
L06,2024-10-30,27.1,5.4
L06,2024-10-31,30.7,9.0
L06,2024-11-01,25.8,1.4
L06,2024-11-02,21.9,1.7
L06,2024-11-03,25.3,7.9
L06,2024-11-04,29.9,12.8
L06,2024-11-05,27.6,3.9
L06,2024-11-06,30.6,6.2
L06,2024-11-07,25.0,0.4
L06,2024-11-08,31.9,1.3
L06,2024-11-09,38.9,5.6
L06,2024-11-10,26.1,3.6
L06,2024-11-11,24.9,0.3
L06,2024-11-12,34.3,0.7
L06,2024-11-13,27.0,0.3
L06,2024-11-14,25.5,2.9
L06,2024-11-15,30.0,5.8
L06,2024-11-16,31.4,7.4
L06,2024-11-17,17.9,21.5
L06,2024-11-18,29.4,4.2
L06,2024-11-19,25.1,1.2
L06,2024-11-20,32.5,3.2
L06,2024-11-21,34.1,2.2
L06,2024-11-22,24.6,9.8
L06,2024-11-23,36.7,3.3
L06,2024-11-24,25.7,13.6
L06,2024-11-25,28.2,11.3
L06,2024-11-26,33.2,4.7
L06,2024-11-27,27.1,0.1
L06,2024-11-28,31.9,3.3
L06,2024-11-29,26.2,6.0
L06,2024-11-30,27.4,4.0
L06,2024-12-01,21.2,3.7
L06,2024-12-02,15.5,5.3
L06,2024-12-03,12.7,11.1
L06,2024-12-04,16.5,0.4
L06,2024-12-05,8.5,1.1
L06,2024-12-06,7.2,4.2
L06,2024-12-07,15.2,4.6
L06,2024-12-08,21.7,4.5
L06,2024-12-09,23.6,15.2
L06,2024-12-10,18.8,2.4
L06,2024-12-11,10.8,2.8
L06,2024-12-12,14.5,1.4
L06,2024-12-13,20.6,11.4
L06,2024-12-14,21.4,1.6
L06,2024-12-15,14.7,17.0
L06,2024-12-16,7.8,0.0
L06,2024-12-17,15.8,1.1
L06,2024-12-18,12.6,3.1
L06,2024-12-19,21.9,0.7
L06,2024-12-20,15.4,7.6
L06,2024-12-21,16.0,2.7
L06,2024-12-22,6.2,6.0
L06,2024-12-23,12.2,1.5
L06,2024-12-24,10.1,1.9
L06,2024-12-25,19.3,3.7
L06,2024-12-26,18.5,3.1
L06,2024-12-27,12.5,3.1
L06,2024-12-28,16.0,12.1
L06,2024-12-29,8.2,7.1
L06,2024-12-30,13.1,1.8
L06,2024-12-31,14.8,2.7
L07,2024-01-01,12.3,5.5
L07,2024-01-02,10.7,0.2
L07,2024-01-03,12.5,3.0
L07,2024-01-04,24.0,13.5
L07,2024-01-05,10.9,1.9
L07,2024-01-06,23.4,3.8
L07,2024-01-07,7.3,5.0
L07,2024-01-08,14.5,2.2
L07,2024-01-09,13.7,1.4
L07,2024-01-10,18.1,11.5
L07,2024-01-11,14.1,2.9
L07,2024-01-12,15.0,3.5
L07,2024-01-13,18.7,8.0
L07,2024-01-14,18.7,7.9
L07,2024-01-15,12.3,0.4
L07,2024-01-16,11.7,0.3
L07,2024-01-17,9.7,0.4
L07,2024-01-18,15.9,5.1
L07,2024-01-19,11.5,0.1
L07,2024-01-20,12.0,0.2
L07,2024-01-21,26.8,11.4
L07,2024-01-22,15.6,1.4
L07,2024-01-23,17.0,2.1
L07,2024-01-24,19.0,6.1
L07,2024-01-25,12.7,7.7
L07,2024-01-26,18.9,0.7
L07,2024-01-27,12.3,0.3
L07,2024-01-28,5.0,0.5
L07,2024-01-29,18.7,7.0
L07,2024-01-30,15.3,5.9
L07,2024-01-31,18.8,2.4
L07,2024-02-01,21.8,9.7
L07,2024-02-02,19.8,4.6
L07,2024-02-03,9.0,4.7
L07,2024-02-04,21.3,5.9
L07,2024-02-05,17.0,1.1
L07,2024-02-06,18.6,12.2
L07,2024-02-07,17.6,0.9
L07,2024-02-08,19.8,2.5
L07,2024-02-09,12.9,0.9
L07,2024-02-10,13.1,0.6
L07,2024-02-11,15.5,6.3
L07,2024-02-12,17.2,3.6
L07,2024-02-13,18.6,7.3
L07,2024-02-14,11.3,2.3
L07,2024-02-15,12.2,3.2
L07,2024-02-16,17.2,17.5
L07,2024-02-17,17.2,5.7
L07,2024-02-18,14.2,1.3
L07,2024-02-19,15.5,7.7
L07,2024-02-20,15.0,2.4
L07,2024-02-21,17.3,17.2
L07,2024-02-22,15.4,1.3
L07,2024-02-23,15.7,3.5
L07,2024-02-24,18.9,0.8
L07,2024-02-25,10.4,1.3
L07,2024-02-26,21.3,2.7
L07,2024-02-27,22.2,7.9
L07,2024-02-28,19.6,3.4
L07,2024-02-29,6.7,4.7
L07,2024-03-01,22.2,4.7
L07,2024-03-02,31.3,9.9
L07,2024-03-03,28.0,4.2
L07,2024-03-04,26.6,2.2
L07,2024-03-05,21.1,9.0
L07,2024-03-06,23.1,1.2
L07,2024-03-07,25.2,1.7
L07,2024-03-08,29.8,5.1
L07,2024-03-09,21.1,23.4
L07,2024-03-10,33.4,13.6
L07,2024-03-11,24.4,5.1
L07,2024-03-12,30.1,3.7
L07,2024-03-13,23.1,4.7
L07,2024-03-14,23.5,5.5
L07,2024-03-15,19.2,0.7
L07,2024-03-16,17.0,6.2
L07,2024-03-17,16.5,9.0
L07,2024-03-18,24.5,16.6
L07,2024-03-19,12.7,3.2
L07,2024-03-20,24.4,5.2
L07,2024-03-21,19.8,2.1
L07,2024-03-22,20.4,0.5
L07,2024-03-23,25.3,0.3
L07,2024-03-24,13.8,4.2
L07,2024-03-25,27.3,1.0
L07,2024-03-26,21.6,7.4
L07,2024-03-27,30.2,27.2
L07,2024-03-28,17.4,1.1
L07,2024-03-29,25.5,0.7
L07,2024-03-30,20.7,1.5
L07,2024-03-31,28.5,3.5
L07,2024-04-01,28.2,0.3
L07,2024-04-02,26.3,7.8
L07,2024-04-03,26.5,15.3
L07,2024-04-04,27.2,9.4
L07,2024-04-05,19.4,4.2
L07,2024-04-06,28.8,0.4
L07,2024-04-07,32.2,2.3
L07,2024-04-08,26.0,18.7
L07,2024-04-09,29.1,3.5
L07,2024-04-10,32.3,2.3
L07,2024-04-11,28.7,16.7
L07,2024-04-12,26.3,0.5
L07,2024-04-13,30.4,3.7
L07,2024-04-14,37.0,0.3
L07,2024-04-15,20.0,3.2
L07,2024-04-16,23.3,1.8
L07,2024-04-17,25.5,0.8
L07,2024-04-18,23.6,1.3
L07,2024-04-19,20.9,14.2
L07,2024-04-20,20.6,3.8
L07,2024-04-21,18.0,3.1
L07,2024-04-22,29.7,4.4
L07,2024-04-23,12.1,1.2
L07,2024-04-24,28.9,7.5
L07,2024-04-25,17.7,3.6
L07,2024-04-26,28.9,2.8
L07,2024-04-27,20.2,1.3
L07,2024-04-28,23.7,10.7
L07,2024-04-29,24.4,2.3
L07,2024-04-30,21.4,3.1
L07,2024-05-01,21.5,2.4
L07,2024-05-02,31.2,1.6
L07,2024-05-03,34.6,3.7
L07,2024-05-04,27.9,1.5
L07,2024-05-05,30.3,2.2
L07,2024-05-06,15.0,1.4
L07,2024-05-07,27.1,5.4
L07,2024-05-08,27.6,1.7
L07,2024-05-09,18.7,0.7
L07,2024-05-10,30.8,0.1
L07,2024-05-11,20.3,12.7
L07,2024-05-12,36.6,6.4
L07,2024-05-13,22.5,0.6
L07,2024-05-14,24.1,9.1
L07,2024-05-15,35.6,8.1
L07,2024-05-16,27.7,9.1
L07,2024-05-17,24.9,1.1
L07,2024-05-18,28.4,12.1
L07,2024-05-19,32.4,6.9
L07,2024-05-20,20.7,6.5
L07,2024-05-21,25.4,7.1
L07,2024-05-22,25.4,2.7
L07,2024-05-23,26.5,3.5
L07,2024-05-24,10.8,0.4
L07,2024-05-25,23.2,8.5
L07,2024-05-26,28.1,4.0
L07,2024-05-27,28.4,4.0
L07,2024-05-28,21.0,1.7
L07,2024-05-29,23.9,3.2
L07,2024-05-30,17.9,1.5
L07,2024-05-31,21.5,12.0
L07,2024-06-01,38.9,0.6
L07,2024-06-02,31.8,4.7
L07,2024-06-03,32.0,27.6
L07,2024-06-04,32.5,22.2
L07,2024-06-05,37.7,24.4
L07,2024-06-06,36.9,22.0
L07,2024-06-07,38.9,1.5
L07,2024-06-08,31.4,18.7
L07,2024-06-09,33.7,4.6
L07,2024-06-10,33.3,10.0
L07,2024-06-11,41.1,12.1
L07,2024-06-12,41.7,19.2
L07,2024-06-13,38.6,2.1
L07,2024-06-14,35.7,11.5
L07,2024-06-15,37.5,17.6
L07,2024-06-16,42.0,43.0
L07,2024-06-17,41.2,21.5
L07,2024-06-18,38.9,12.1
L07,2024-06-19,33.2,5.6
L07,2024-06-20,38.8,5.2
L07,2024-06-21,26.7,0.1
L07,2024-06-22,40.2,3.0
L07,2024-06-23,37.8,16.4
L07,2024-06-24,31.3,41.2
L07,2024-06-25,36.7,13.4
L07,2024-06-26,33.8,113.3
L07,2024-06-27,37.5,29.8
L07,2024-06-28,26.7,33.7
L07,2024-06-29,36.9,5.8
L07,2024-06-30,29.7,2.2
L07,2024-07-01,31.6,20.6
L07,2024-07-02,32.3,71.2
L07,2024-07-03,39.8,59.0
L07,2024-07-04,25.7,25.3
L07,2024-07-05,41.9,13.6
L07,2024-07-06,33.9,25.5
L07,2024-07-07,43.0,7.4
L07,2024-07-08,37.4,64.9
L07,2024-07-09,39.1,26.4
L07,2024-07-10,36.7,34.2
L07,2024-07-11,32.6,1.2
L07,2024-07-12,28.8,17.4
L07,2024-07-13,35.6,20.7
L07,2024-07-14,34.9,30.9
L07,2024-07-15,37.3,29.1
L07,2024-07-16,34.8,6.1
L07,2024-07-17,38.8,17.2
L07,2024-07-18,36.9,23.3
L07,2024-07-19,38.7,15.7
L07,2024-07-20,41.3,38.6
L07,2024-07-21,26.9,1.9
L07,2024-07-22,29.2,27.0
L07,2024-07-23,34.3,3.9
L07,2024-07-24,37.5,53.0
L07,2024-07-25,31.2,5.6
L07,2024-07-26,30.3,41.6
L07,2024-07-27,34.7,6.8
L07,2024-07-28,39.3,16.9
L07,2024-07-29,29.6,4.4
L07,2024-07-30,42.0,28.0
L07,2024-07-31,39.7,2.9
L07,2024-08-01,28.8,3.3
L07,2024-08-02,37.0,19.3
L07,2024-08-03,34.8,3.3
L07,2024-08-04,30.9,2.9
L07,2024-08-05,31.6,31.9
L07,2024-08-06,32.7,63.9
L07,2024-08-07,35.9,15.8
L07,2024-08-08,34.7,6.0
L07,2024-08-09,26.7,2.6
L07,2024-08-10,33.3,3.8
L07,2024-08-11,35.0,7.5
L07,2024-08-12,29.9,0.0
L07,2024-08-13,33.2,105.8
L07,2024-08-14,32.6,26.7
L07,2024-08-15,35.0,6.8
L07,2024-08-16,33.6,32.9
L07,2024-08-17,37.5,28.8
L07,2024-08-18,37.4,37.3
L07,2024-08-19,35.0,65.4
L07,2024-08-20,36.6,4.4
L07,2024-08-21,32.0,16.8
L07,2024-08-22,33.4,50.1
L07,2024-08-23,39.5,1.7
L07,2024-08-24,36.1,16.1
L07,2024-08-25,25.3,72.9
L07,2024-08-26,35.6,2.9
L07,2024-08-27,27.9,11.6
L07,2024-08-28,36.7,40.3
L07,2024-08-29,34.2,9.9
L07,2024-08-30,35.0,15.9
L07,2024-08-31,32.4,11.5
L07,2024-09-01,19.7,2.2
L07,2024-09-02,33.1,13.8
L07,2024-09-03,23.5,16.5
L07,2024-09-04,23.9,4.7
L07,2024-09-05,23.6,21.6
L07,2024-09-06,30.8,29.1
L07,2024-09-07,31.3,21.8
L07,2024-09-08,26.5,3.1
L07,2024-09-09,26.9,54.3
L07,2024-09-10,29.3,6.0
L07,2024-09-11,28.7,44.3
L07,2024-09-12,24.8,14.5
L07,2024-09-13,32.7,44.9
L07,2024-09-14,21.0,21.6
L07,2024-09-15,28.8,17.3
L07,2024-09-16,27.4,24.4
L07,2024-09-17,28.8,2.0
L07,2024-09-18,29.3,73.0
L07,2024-09-19,27.8,20.0
L07,2024-09-20,25.2,2.2
L07,2024-09-21,33.0,8.8
L07,2024-09-22,30.4,23.3
L07,2024-09-23,35.5,49.2
L07,2024-09-24,18.9,24.0
L07,2024-09-25,27.9,14.0
L07,2024-09-26,32.8,7.4
L07,2024-09-27,38.0,9.7
L07,2024-09-28,24.2,15.4
L07,2024-09-29,28.8,5.5
L07,2024-09-30,31.2,74.7
L07,2024-10-01,31.4,0.9
L07,2024-10-02,22.3,0.6
L07,2024-10-03,24.9,0.8
L07,2024-10-04,37.7,2.3
L07,2024-10-05,28.0,0.2
L07,2024-10-06,20.2,6.5
L07,2024-10-07,26.6,5.4
L07,2024-10-08,27.1,1.3
L07,2024-10-09,35.1,11.5
L07,2024-10-10,27.9,3.1
L07,2024-10-11,31.7,0.5
L07,2024-10-12,16.4,2.0
L07,2024-10-13,31.1,6.6
L07,2024-10-14,19.2,1.7
L07,2024-10-15,29.8,1.4
L07,2024-10-16,32.5,16.2
L07,2024-10-17,29.5,1.5
L07,2024-10-18,23.3,4.0
L07,2024-10-19,24.4,5.7
L07,2024-10-20,21.5,2.1
L07,2024-10-21,21.7,4.0
L07,2024-10-22,39.1,15.6
L07,2024-10-23,27.6,2.2
L07,2024-10-24,30.4,5.5
L07,2024-10-25,27.4,2.3
L07,2024-10-26,24.9,11.1
L07,2024-10-27,33.5,6.2
L07,2024-10-28,21.2,9.3
L07,2024-10-29,24.4,0.0
L07,2024-10-30,36.6,1.4
L07,2024-10-31,37.2,3.6
L07,2024-11-01,24.5,7.8
L07,2024-11-02,32.4,0.5
L07,2024-11-03,33.2,0.9
L07,2024-11-04,28.2,0.1
L07,2024-11-05,32.0,6.0
L07,2024-11-06,25.1,1.1
L07,2024-11-07,19.8,6.8
L07,2024-11-08,32.0,3.1
L07,2024-11-09,20.6,3.2
L07,2024-11-10,26.1,2.3
L07,2024-11-11,25.2,8.4
L07,2024-11-12,30.4,5.8
L07,2024-11-13,34.8,4.1
L07,2024-11-14,32.4,6.7
L07,2024-11-15,33.7,13.4
L07,2024-11-16,31.8,8.1
L07,2024-11-17,27.0,1.2
L07,2024-11-18,34.4,3.3
L07,2024-11-19,24.1,0.3
L07,2024-11-20,26.9,7.4
L07,2024-11-21,35.0,4.5
L07,2024-11-22,23.7,5.0
L07,2024-11-23,28.0,1.6
L07,2024-11-24,28.8,2.2
L07,2024-11-25,28.5,0.3
L07,2024-11-26,32.1,7.8
L07,2024-11-27,21.0,18.6
L07,2024-11-28,33.5,3.6
L07,2024-11-29,29.2,0.8
L07,2024-11-30,31.9,4.9
L07,2024-12-01,18.5,0.8
L07,2024-12-02,6.8,21.7
L07,2024-12-03,6.8,9.2
L07,2024-12-04,8.9,4.2
L07,2024-12-05,9.1,0.0
L07,2024-12-06,12.1,10.5
L07,2024-12-07,10.3,1.4
L07,2024-12-08,23.7,0.8
L07,2024-12-09,16.5,0.3
L07,2024-12-10,14.6,16.0
L07,2024-12-11,12.0,2.2
L07,2024-12-12,21.7,3.5
L07,2024-12-13,29.4,0.6
L07,2024-12-14,14.1,0.5
L07,2024-12-15,13.3,1.0
L07,2024-12-16,17.7,5.9
L07,2024-12-17,10.9,2.6
L07,2024-12-18,8.5,12.9
L07,2024-12-19,14.0,0.2
L07,2024-12-20,10.5,4.3
L07,2024-12-21,19.3,11.2
L07,2024-12-22,5.0,0.7
L07,2024-12-23,11.1,10.8
L07,2024-12-24,14.0,4.9
L07,2024-12-25,25.0,9.7
L07,2024-12-26,14.9,1.7
L07,2024-12-27,19.0,18.8
L07,2024-12-28,9.3,5.3
L07,2024-12-29,11.8,20.1
L07,2024-12-30,15.3,3.9
L07,2024-12-31,19.0,1.1
L08,2024-01-01,18.8,1.1
L08,2024-01-02,7.6,0.0
L08,2024-01-03,17.2,1.4
L08,2024-01-04,18.9,1.9
L08,2024-01-05,18.8,1.9
L08,2024-01-06,13.3,5.5
L08,2024-01-07,9.5,38.1
L08,2024-01-08,11.1,0.2
L08,2024-01-09,20.3,4.2
L08,2024-01-10,17.2,1.2
L08,2024-01-11,16.0,14.7
L08,2024-01-12,13.2,4.6
L08,2024-01-13,20.3,6.6
L08,2024-01-14,5.0,6.3
L08,2024-01-15,14.9,1.8
L08,2024-01-16,13.5,2.2
L08,2024-01-17,14.8,1.5
L08,2024-01-18,18.2,4.8
L08,2024-01-19,9.2,1.3
L08,2024-01-20,16.8,0.5
L08,2024-01-21,12.6,3.1
L08,2024-01-22,18.0,0.9
L08,2024-01-23,16.1,8.6
L08,2024-01-24,7.2,7.5
L08,2024-01-25,14.0,0.6
L08,2024-01-26,15.1,7.2
L08,2024-01-27,15.2,3.4
L08,2024-01-28,14.4,0.7
L08,2024-01-29,14.7,5.2
L08,2024-01-30,21.7,0.5
L08,2024-01-31,8.4,1.7
L08,2024-02-01,21.9,7.4
L08,2024-02-02,12.1,2.9
L08,2024-02-03,22.8,1.2
L08,2024-02-04,9.1,7.2
L08,2024-02-05,8.9,3.3
L08,2024-02-06,10.3,4.9
L08,2024-02-07,15.7,1.5
L08,2024-02-08,19.8,0.5
L08,2024-02-09,18.0,12.9
L08,2024-02-10,15.3,14.6
L08,2024-02-11,13.8,4.2
L08,2024-02-12,24.5,9.9
L08,2024-02-13,15.4,7.5
L08,2024-02-14,16.0,5.4
L08,2024-02-15,19.2,9.7
L08,2024-02-16,13.4,16.6
L08,2024-02-17,13.5,6.3
L08,2024-02-18,9.6,18.5
L08,2024-02-19,10.0,7.6
L08,2024-02-20,13.2,14.6
L08,2024-02-21,16.8,18.9
L08,2024-02-22,13.4,0.1
L08,2024-02-23,11.4,2.5
L08,2024-02-24,8.9,4.0
L08,2024-02-25,20.4,5.5
L08,2024-02-26,17.3,3.3
L08,2024-02-27,22.8,7.6
L08,2024-02-28,23.6,3.9
L08,2024-02-29,14.7,6.4
L08,2024-03-01,15.4,1.1
L08,2024-03-02,23.2,1.2
L08,2024-03-03,27.0,2.4
L08,2024-03-04,22.6,10.4
L08,2024-03-05,20.6,1.0
L08,2024-03-06,24.4,2.8
L08,2024-03-07,30.2,3.1
L08,2024-03-08,19.8,0.8
L08,2024-03-09,19.2,3.9
L08,2024-03-10,21.1,3.2
L08,2024-03-11,16.6,7.3
L08,2024-03-12,21.3,7.4
L08,2024-03-13,27.8,3.6
L08,2024-03-14,28.4,1.2
L08,2024-03-15,25.9,4.4
L08,2024-03-16,21.5,21.0
L08,2024-03-17,27.2,3.3
L08,2024-03-18,31.0,2.3
L08,2024-03-19,27.9,27.4
L08,2024-03-20,31.7,8.6
L08,2024-03-21,24.5,6.1
L08,2024-03-22,24.0,1.7
L08,2024-03-23,21.1,4.3
L08,2024-03-24,18.3,4.6
L08,2024-03-25,22.9,2.2
L08,2024-03-26,25.7,11.4
L08,2024-03-27,18.8,1.9
L08,2024-03-28,27.9,1.8
L08,2024-03-29,18.7,7.2
L08,2024-03-30,20.1,15.3
L08,2024-03-31,19.4,3.4
L08,2024-04-01,26.1,1.1
L08,2024-04-02,21.4,7.3
L08,2024-04-03,22.8,2.0
L08,2024-04-04,21.2,2.5
L08,2024-04-05,22.8,8.5
L08,2024-04-06,28.9,4.5
L08,2024-04-07,30.5,4.0
L08,2024-04-08,17.1,5.5
L08,2024-04-09,25.0,16.3
L08,2024-04-10,24.3,3.5
L08,2024-04-11,16.8,0.7
L08,2024-04-12,21.9,2.7
L08,2024-04-13,29.7,0.8
L08,2024-04-14,19.8,4.4
L08,2024-04-15,23.3,2.4
L08,2024-04-16,26.4,15.1
L08,2024-04-17,26.7,7.4
L08,2024-04-18,20.8,1.1
L08,2024-04-19,26.4,1.6
L08,2024-04-20,29.8,4.8
L08,2024-04-21,23.6,0.7
L08,2024-04-22,34.2,8.6
L08,2024-04-23,22.7,0.7
L08,2024-04-24,25.5,11.5
L08,2024-04-25,16.8,0.9
L08,2024-04-26,31.3,0.5
L08,2024-04-27,22.6,21.2
L08,2024-04-28,25.5,4.5
L08,2024-04-29,23.4,22.0
L08,2024-04-30,28.3,9.4
L08,2024-05-01,19.2,0.0
L08,2024-05-02,26.8,6.0
L08,2024-05-03,18.3,3.5
L08,2024-05-04,21.9,1.7
L08,2024-05-05,20.7,4.5
L08,2024-05-06,27.3,9.9
L08,2024-05-07,26.8,2.3
L08,2024-05-08,29.4,2.8
L08,2024-05-09,22.5,2.3
L08,2024-05-10,18.6,9.7
L08,2024-05-11,25.1,7.2
L08,2024-05-12,31.2,2.1
L08,2024-05-13,17.6,1.2
L08,2024-05-14,25.6,4.9
L08,2024-05-15,23.2,7.1
L08,2024-05-16,19.3,0.7
L08,2024-05-17,27.7,0.3
L08,2024-05-18,21.3,7.6
L08,2024-05-19,20.0,1.1
L08,2024-05-20,21.7,2.4
L08,2024-05-21,28.0,1.5
L08,2024-05-22,26.6,10.8
L08,2024-05-23,22.1,2.1
L08,2024-05-24,18.1,5.7
L08,2024-05-25,22.5,8.3
L08,2024-05-26,26.5,12.9
L08,2024-05-27,29.0,3.4
L08,2024-05-28,31.9,1.7
L08,2024-05-29,14.5,9.1
L08,2024-05-30,20.3,1.9
L08,2024-05-31,11.7,11.9
L08,2024-06-01,38.9,17.0
L08,2024-06-02,32.1,38.0
L08,2024-06-03,35.8,7.2
L08,2024-06-04,37.6,14.7
L08,2024-06-05,39.8,1.8
L08,2024-06-06,30.7,12.8
L08,2024-06-07,39.2,0.4
L08,2024-06-08,34.4,23.5
L08,2024-06-09,41.2,11.2
L08,2024-06-10,36.8,32.2
L08,2024-06-11,33.2,1.6
L08,2024-06-12,28.5,13.0
L08,2024-06-13,35.9,7.6
L08,2024-06-14,34.9,0.2
L08,2024-06-15,40.2,10.4
L08,2024-06-16,32.9,29.2
L08,2024-06-17,26.0,15.7
L08,2024-06-18,37.8,5.8
L08,2024-06-19,37.0,16.6
L08,2024-06-20,35.7,14.3
L08,2024-06-21,28.8,16.3
L08,2024-06-22,31.5,27.3
L08,2024-06-23,33.5,4.3
L08,2024-06-24,40.5,1.3
L08,2024-06-25,38.2,1.5
L08,2024-06-26,29.8,19.6
L08,2024-06-27,36.1,19.4
L08,2024-06-28,35.9,52.5
L08,2024-06-29,37.1,22.4
L08,2024-06-30,38.8,50.3
L08,2024-07-01,38.7,4.6
L08,2024-07-02,32.6,5.7
L08,2024-07-03,37.5,96.3
L08,2024-07-04,35.9,44.3
L08,2024-07-05,38.4,5.9
L08,2024-07-06,31.8,61.1
L08,2024-07-07,40.5,4.8
L08,2024-07-08,41.0,25.2
L08,2024-07-09,34.5,11.9
L08,2024-07-10,32.9,14.4
L08,2024-07-11,31.3,1.5
L08,2024-07-12,33.8,24.9
L08,2024-07-13,40.1,15.9
L08,2024-07-14,37.9,64.6
L08,2024-07-15,35.3,0.4
L08,2024-07-16,31.5,0.2
L08,2024-07-17,32.2,29.0
L08,2024-07-18,33.0,3.7
L08,2024-07-19,35.1,31.7
L08,2024-07-20,29.0,11.6
L08,2024-07-21,29.5,44.1
L08,2024-07-22,34.8,7.7
L08,2024-07-23,27.9,4.4
L08,2024-07-24,33.8,4.2
L08,2024-07-25,34.7,11.5
L08,2024-07-26,35.3,12.0
L08,2024-07-27,32.9,6.0
L08,2024-07-28,35.7,34.5
L08,2024-07-29,37.2,7.9
L08,2024-07-30,32.3,5.9
L08,2024-07-31,40.4,0.0
L08,2024-08-01,41.2,13.5
L08,2024-08-02,29.3,4.5
L08,2024-08-03,36.5,7.6
L08,2024-08-04,31.8,40.0
L08,2024-08-05,38.1,18.4
L08,2024-08-06,31.2,1.9
L08,2024-08-07,33.0,5.8
L08,2024-08-08,40.8,9.0
L08,2024-08-09,44.9,10.4
L08,2024-08-10,37.3,34.2
L08,2024-08-11,39.9,19.8
L08,2024-08-12,32.0,0.0
L08,2024-08-13,33.8,12.2
L08,2024-08-14,31.1,4.4
L08,2024-08-15,30.3,13.9
L08,2024-08-16,39.0,5.6
L08,2024-08-17,31.3,12.2
L08,2024-08-18,35.7,19.4
L08,2024-08-19,34.6,14.9
L08,2024-08-20,32.9,8.1
L08,2024-08-21,35.1,4.5
L08,2024-08-22,35.3,24.2
L08,2024-08-23,36.8,15.8
L08,2024-08-24,34.1,9.6
L08,2024-08-25,37.5,50.0
L08,2024-08-26,37.0,11.6
L08,2024-08-27,35.6,66.8
L08,2024-08-28,28.5,56.6
L08,2024-08-29,31.4,33.7
L08,2024-08-30,31.0,2.7
L08,2024-08-31,35.0,9.6
L08,2024-09-01,23.6,6.0
L08,2024-09-02,28.4,31.2
L08,2024-09-03,25.1,8.2
L08,2024-09-04,27.4,26.6
L08,2024-09-05,25.8,1.0
L08,2024-09-06,33.1,1.0
L08,2024-09-07,26.5,2.8
L08,2024-09-08,22.0,69.1
L08,2024-09-09,30.0,25.9
L08,2024-09-10,28.0,29.6
L08,2024-09-11,28.7,34.0
L08,2024-09-12,26.0,29.9
L08,2024-09-13,24.0,9.3
L08,2024-09-14,35.0,1.5
L08,2024-09-15,34.0,22.9
L08,2024-09-16,28.8,22.1
L08,2024-09-17,29.3,120.0
L08,2024-09-18,30.0,16.1
L08,2024-09-19,31.5,2.3
L08,2024-09-20,28.2,4.9
L08,2024-09-21,32.9,35.2
L08,2024-09-22,26.9,14.1
L08,2024-09-23,32.2,60.9
L08,2024-09-24,23.1,16.5
L08,2024-09-25,33.6,27.0
L08,2024-09-26,30.2,4.1
L08,2024-09-27,29.6,17.1
L08,2024-09-28,32.7,17.4
L08,2024-09-29,31.1,0.2
L08,2024-09-30,34.4,17.1
L08,2024-10-01,21.8,0.4
L08,2024-10-02,34.5,2.1
L08,2024-10-03,26.1,14.6
L08,2024-10-04,29.2,1.2
L08,2024-10-05,32.6,13.2
L08,2024-10-06,19.7,6.3
L08,2024-10-07,38.9,19.2
L08,2024-10-08,29.4,0.8
L08,2024-10-09,25.8,5.2
L08,2024-10-10,34.4,1.1
L08,2024-10-11,24.7,1.2
L08,2024-10-12,24.1,16.6
L08,2024-10-13,32.0,2.2
L08,2024-10-14,30.2,11.9
L08,2024-10-15,23.8,0.6
L08,2024-10-16,30.6,6.0
L08,2024-10-17,29.7,4.9
L08,2024-10-18,32.1,2.5
L08,2024-10-19,20.3,9.6
L08,2024-10-20,35.3,0.5
L08,2024-10-21,31.4,1.1
L08,2024-10-22,22.3,6.1
L08,2024-10-23,26.2,8.9
L08,2024-10-24,31.5,10.3
L08,2024-10-25,24.7,0.3
L08,2024-10-26,30.2,6.3
L08,2024-10-27,16.7,15.5
L08,2024-10-28,31.2,12.0
L08,2024-10-29,27.6,3.9
L08,2024-10-30,27.0,1.0
L08,2024-10-31,20.6,7.4
L08,2024-11-01,25.4,11.3
L08,2024-11-02,23.3,17.4
L08,2024-11-03,28.6,4.0
L08,2024-11-04,23.2,0.6
L08,2024-11-05,31.2,1.8
L08,2024-11-06,25.6,0.9
L08,2024-11-07,29.6,3.6
L08,2024-11-08,20.9,1.4
L08,2024-11-09,25.2,0.4
L08,2024-11-10,26.7,1.2
L08,2024-11-11,25.2,1.0
L08,2024-11-12,29.9,9.9
L08,2024-11-13,23.0,1.4
L08,2024-11-14,27.6,2.4
L08,2024-11-15,23.2,6.4
L08,2024-11-16,24.5,2.7
L08,2024-11-17,36.5,2.1
L08,2024-11-18,23.6,8.0
L08,2024-11-19,26.6,1.2
L08,2024-11-20,33.6,1.2
L08,2024-11-21,27.0,1.3
L08,2024-11-22,19.2,3.3
L08,2024-11-23,32.4,0.6
L08,2024-11-24,32.3,2.9
L08,2024-11-25,26.8,0.1
L08,2024-11-26,33.5,3.7
L08,2024-11-27,29.9,0.9
L08,2024-11-28,17.5,2.6
L08,2024-11-29,22.6,9.3
L08,2024-11-30,26.5,3.4
L08,2024-12-01,18.6,7.9
L08,2024-12-02,15.9,5.1
L08,2024-12-03,12.7,0.6
L08,2024-12-04,18.6,1.3
L08,2024-12-05,18.8,4.4
L08,2024-12-06,16.3,8.6
L08,2024-12-07,23.8,3.4
L08,2024-12-08,8.0,3.7
L08,2024-12-09,21.8,7.6
L08,2024-12-10,15.3,2.3
L08,2024-12-11,13.9,5.7
L08,2024-12-12,15.2,2.7
L08,2024-12-13,16.0,0.6
L08,2024-12-14,5.0,4.1
L08,2024-12-15,24.3,3.0
L08,2024-12-16,11.7,2.4
L08,2024-12-17,17.8,23.6
L08,2024-12-18,13.5,1.2
L08,2024-12-19,18.1,1.6
L08,2024-12-20,17.4,10.1
L08,2024-12-21,16.8,11.6
L08,2024-12-22,18.4,1.9
L08,2024-12-23,18.7,6.5
L08,2024-12-24,19.1,0.9
L08,2024-12-25,17.4,13.2
L08,2024-12-26,22.3,9.4
L08,2024-12-27,11.7,0.9
L08,2024-12-28,15.5,2.8
L08,2024-12-29,15.5,12.2
L08,2024-12-30,11.8,9.4
L08,2024-12-31,14.0,7.2
L09,2024-01-01,6.6,17.3
L09,2024-01-02,17.6,3.6
L09,2024-01-03,14.3,4.5
L09,2024-01-04,22.4,7.6
L09,2024-01-05,28.1,0.3
L09,2024-01-06,20.6,1.8
L09,2024-01-07,23.1,2.8
L09,2024-01-08,14.7,0.1
L09,2024-01-09,16.7,14.9
L09,2024-01-10,17.2,5.0
L09,2024-01-11,21.9,0.2
L09,2024-01-12,21.1,7.0
L09,2024-01-13,16.4,14.0
L09,2024-01-14,17.4,1.7
L09,2024-01-15,14.5,11.8
L09,2024-01-16,17.3,18.9
L09,2024-01-17,22.4,5.2
L09,2024-01-18,27.1,0.8
L09,2024-01-19,19.1,21.4
L09,2024-01-20,19.0,3.2
L09,2024-01-21,10.6,3.3
L09,2024-01-22,10.8,0.8
L09,2024-01-23,5.2,8.0
L09,2024-01-24,17.0,4.3
L09,2024-01-25,18.7,4.3
L09,2024-01-26,12.0,4.1
L09,2024-01-27,20.7,1.4
L09,2024-01-28,13.2,0.8
L09,2024-01-29,12.9,1.5
L09,2024-01-30,7.7,0.4
L09,2024-01-31,25.3,1.6
L09,2024-02-01,15.2,4.0
L09,2024-02-02,18.0,4.4
L09,2024-02-03,13.8,2.1
L09,2024-02-04,17.5,1.5
L09,2024-02-05,24.3,7.3
L09,2024-02-06,7.3,11.1
L09,2024-02-07,13.1,4.9
L09,2024-02-08,14.5,10.0
L09,2024-02-09,11.9,12.8
L09,2024-02-10,13.3,0.5
L09,2024-02-11,22.3,6.9
L09,2024-02-12,17.6,0.1
L09,2024-02-13,24.2,3.4
L09,2024-02-14,23.4,0.9
L09,2024-02-15,15.4,0.7
L09,2024-02-16,13.7,4.3
L09,2024-02-17,11.6,1.1
L09,2024-02-18,15.0,3.7
L09,2024-02-19,12.4,14.4
L09,2024-02-20,22.5,2.0
L09,2024-02-21,15.0,5.7
L09,2024-02-22,17.0,0.2
L09,2024-02-23,12.8,5.5
L09,2024-02-24,19.6,9.5
L09,2024-02-25,9.0,0.8
L09,2024-02-26,15.2,3.4
L09,2024-02-27,12.6,1.5
L09,2024-02-28,11.6,4.8
L09,2024-02-29,17.2,2.5
L09,2024-03-01,29.9,0.0
L09,2024-03-02,17.8,2.5
L09,2024-03-03,32.2,0.0
L09,2024-03-04,29.8,4.2
L09,2024-03-05,33.3,3.0
L09,2024-03-06,27.2,4.5
L09,2024-03-07,24.0,3.8
L09,2024-03-08,26.9,10.8
L09,2024-03-09,18.8,5.6
L09,2024-03-10,24.0,6.1
L09,2024-03-11,29.9,3.3
L09,2024-03-12,27.9,13.4
L09,2024-03-13,28.9,8.0
L09,2024-03-14,25.3,3.4
L09,2024-03-15,29.4,6.0
L09,2024-03-16,25.7,1.2
L09,2024-03-17,16.5,1.5
L09,2024-03-18,21.1,6.6
L09,2024-03-19,32.5,8.9
L09,2024-03-20,22.4,1.3
L09,2024-03-21,26.0,17.3
L09,2024-03-22,24.6,2.2
L09,2024-03-23,35.2,1.2
L09,2024-03-24,25.1,0.2
L09,2024-03-25,25.4,0.7
L09,2024-03-26,20.6,2.7
L09,2024-03-27,12.9,0.6
L09,2024-03-28,27.4,15.6
L09,2024-03-29,31.9,1.2
L09,2024-03-30,26.0,9.1
L09,2024-03-31,29.9,1.3
L09,2024-04-01,28.6,5.3
L09,2024-04-02,22.6,1.5
L09,2024-04-03,26.3,3.6
L09,2024-04-04,18.9,0.9
L09,2024-04-05,27.5,0.8
L09,2024-04-06,22.0,0.8
L09,2024-04-07,27.7,2.6
L09,2024-04-08,24.8,6.2
L09,2024-04-09,16.2,3.2
L09,2024-04-10,26.3,8.0
L09,2024-04-11,28.9,3.3
L09,2024-04-12,16.8,1.8
L09,2024-04-13,21.7,5.7
L09,2024-04-14,35.0,2.4
L09,2024-04-15,22.1,5.2
L09,2024-04-16,19.9,27.5
L09,2024-04-17,34.5,3.7
L09,2024-04-18,27.5,10.2
L09,2024-04-19,23.6,0.1
L09,2024-04-20,23.7,0.5
L09,2024-04-21,15.7,1.8
L09,2024-04-22,26.1,14.1
L09,2024-04-23,24.8,24.7
L09,2024-04-24,24.8,4.4
L09,2024-04-25,19.4,0.5
L09,2024-04-26,17.3,23.7
L09,2024-04-27,26.6,2.6
L09,2024-04-28,29.3,6.4
L09,2024-04-29,24.9,1.3
L09,2024-04-30,25.7,11.7
L09,2024-05-01,19.1,11.2
L09,2024-05-02,20.4,6.2
L09,2024-05-03,26.7,9.5
L09,2024-05-04,24.4,0.7
L09,2024-05-05,19.1,2.1
L09,2024-05-06,23.8,5.8
L09,2024-05-07,25.8,8.8
L09,2024-05-08,24.3,3.2
L09,2024-05-09,26.0,3.1
L09,2024-05-10,19.6,0.7
L09,2024-05-11,23.7,2.4
L09,2024-05-12,27.3,4.2
L09,2024-05-13,21.2,2.5
L09,2024-05-14,20.4,9.2
L09,2024-05-15,27.2,7.6
L09,2024-05-16,35.4,4.6
L09,2024-05-17,28.2,12.0
L09,2024-05-18,29.8,2.2
L09,2024-05-19,33.2,17.6
L09,2024-05-20,23.6,2.4
L09,2024-05-21,21.9,18.5
L09,2024-05-22,17.5,6.6
L09,2024-05-23,23.1,3.0
L09,2024-05-24,20.4,0.4
L09,2024-05-25,27.3,14.2
L09,2024-05-26,25.4,1.1
L09,2024-05-27,32.8,8.6
L09,2024-05-28,26.6,2.2
L09,2024-05-29,30.4,3.8
L09,2024-05-30,23.3,0.9
L09,2024-05-31,18.2,7.2
L09,2024-06-01,42.3,45.9
L09,2024-06-02,25.2,9.3
L09,2024-06-03,35.7,11.9
L09,2024-06-04,37.5,3.7
L09,2024-06-05,30.5,6.5
L09,2024-06-06,38.6,31.5
L09,2024-06-07,34.0,2.3
L09,2024-06-08,31.3,30.8
L09,2024-06-09,38.4,3.1
L09,2024-06-10,37.6,78.4
L09,2024-06-11,43.6,17.7
L09,2024-06-12,33.6,20.9
L09,2024-06-13,32.4,10.6
L09,2024-06-14,30.4,46.2
L09,2024-06-15,40.4,2.0
L09,2024-06-16,29.2,8.6
L09,2024-06-17,31.1,1.4
L09,2024-06-18,39.3,9.8
L09,2024-06-19,31.6,52.1
L09,2024-06-20,36.0,18.8
L09,2024-06-21,36.7,43.9
L09,2024-06-22,36.6,63.9
L09,2024-06-23,37.7,1.1
L09,2024-06-24,31.7,14.5
L09,2024-06-25,35.5,20.7
L09,2024-06-26,37.3,8.9
L09,2024-06-27,35.3,24.1
L09,2024-06-28,40.9,5.1
L09,2024-06-29,31.1,11.3
L09,2024-06-30,32.5,3.4
L09,2024-07-01,35.8,10.1
L09,2024-07-02,36.4,28.9
L09,2024-07-03,45.0,94.6
L09,2024-07-04,36.2,4.8
L09,2024-07-05,35.2,7.8
L09,2024-07-06,30.0,93.3
L09,2024-07-07,30.5,14.9
L09,2024-07-08,32.4,15.3
L09,2024-07-09,36.1,28.0
L09,2024-07-10,27.8,19.3
L09,2024-07-11,25.8,4.6
L09,2024-07-12,40.2,87.2
L09,2024-07-13,36.3,17.0
L09,2024-07-14,40.4,3.5
L09,2024-07-15,30.8,27.9
L09,2024-07-16,36.3,26.9
L09,2024-07-17,33.2,8.8
L09,2024-07-18,33.7,21.6
L09,2024-07-19,34.2,28.2
L09,2024-07-20,30.6,36.8
L09,2024-07-21,42.5,86.2
L09,2024-07-22,33.2,2.7
L09,2024-07-23,39.5,2.0
L09,2024-07-24,40.3,13.0
L09,2024-07-25,35.4,44.6
L09,2024-07-26,30.7,21.7
L09,2024-07-27,35.2,2.8
L09,2024-07-28,30.9,11.8
L09,2024-07-29,34.7,13.1
L09,2024-07-30,38.0,1.3
L09,2024-07-31,33.8,2.0
L09,2024-08-01,33.9,71.3
L09,2024-08-02,38.0,20.6
L09,2024-08-03,18.6,22.8
L09,2024-08-04,33.3,35.6
L09,2024-08-05,34.9,0.3
L09,2024-08-06,36.0,13.5
L09,2024-08-07,32.0,23.1
L09,2024-08-08,38.1,6.3
L09,2024-08-09,35.7,43.9
L09,2024-08-10,37.2,15.8
L09,2024-08-11,31.0,4.2
L09,2024-08-12,31.9,53.7
L09,2024-08-13,34.1,15.1
L09,2024-08-14,34.3,25.8
L09,2024-08-15,39.9,12.9
L09,2024-08-16,32.6,17.6
L09,2024-08-17,37.3,4.7
L09,2024-08-18,42.0,43.7
L09,2024-08-19,43.2,4.3
L09,2024-08-20,30.7,8.0
L09,2024-08-21,37.2,20.7
L09,2024-08-22,27.5,4.0
L09,2024-08-23,36.4,82.3
L09,2024-08-24,33.9,63.8
L09,2024-08-25,41.5,13.5
L09,2024-08-26,32.9,3.1
L09,2024-08-27,38.6,3.6
L09,2024-08-28,32.4,64.7
L09,2024-08-29,34.9,7.5
L09,2024-08-30,35.5,40.3
L09,2024-08-31,31.2,1.4
L09,2024-09-01,28.2,51.0
L09,2024-09-02,33.0,62.8
L09,2024-09-03,25.1,24.9
L09,2024-09-04,31.1,8.5
L09,2024-09-05,29.5,10.7
L09,2024-09-06,35.9,74.7
L09,2024-09-07,25.3,1.0
L09,2024-09-08,29.5,5.5
L09,2024-09-09,26.0,57.4
L09,2024-09-10,31.0,17.8
L09,2024-09-11,30.3,1.8
L09,2024-09-12,30.5,6.7
L09,2024-09-13,25.6,56.5
L09,2024-09-14,31.7,5.5
L09,2024-09-15,25.3,18.2
L09,2024-09-16,33.9,7.5
L09,2024-09-17,27.6,8.8
L09,2024-09-18,25.6,22.6
L09,2024-09-19,34.7,0.1
L09,2024-09-20,34.2,31.4
L09,2024-09-21,34.7,4.7
L09,2024-09-22,29.1,69.8
L09,2024-09-23,36.0,1.2
L09,2024-09-24,34.1,5.2
L09,2024-09-25,31.7,3.9
L09,2024-09-26,23.9,45.3
L09,2024-09-27,28.4,9.2
L09,2024-09-28,32.7,60.7
L09,2024-09-29,34.9,15.9
L09,2024-09-30,30.8,5.4
L09,2024-10-01,34.0,9.9
L09,2024-10-02,24.1,8.0
L09,2024-10-03,30.6,1.5
L09,2024-10-04,25.7,23.6
L09,2024-10-05,29.9,1.1
L09,2024-10-06,30.9,2.8
L09,2024-10-07,27.7,16.5
L09,2024-10-08,24.8,14.2
L09,2024-10-09,20.8,3.2
L09,2024-10-10,25.0,6.8
L09,2024-10-11,26.2,5.3
L09,2024-10-12,39.4,3.8
L09,2024-10-13,23.3,2.0
L09,2024-10-14,33.9,0.8
L09,2024-10-15,27.3,2.4
L09,2024-10-16,29.0,1.0
L09,2024-10-17,32.3,0.1
L09,2024-10-18,28.1,1.3
L09,2024-10-19,24.2,2.1
L09,2024-10-20,35.6,1.0
L09,2024-10-21,35.4,5.5
L09,2024-10-22,26.4,1.5
L09,2024-10-23,24.6,8.7
L09,2024-10-24,24.0,0.3
L09,2024-10-25,22.6,7.6
L09,2024-10-26,32.4,4.1
L09,2024-10-27,22.0,0.5
L09,2024-10-28,33.3,2.0
L09,2024-10-29,26.7,11.1
L09,2024-10-30,26.6,2.8
L09,2024-10-31,19.4,3.0
L09,2024-11-01,22.5,2.5
L09,2024-11-02,26.9,2.8
L09,2024-11-03,31.4,13.9
L09,2024-11-04,20.9,0.9
L09,2024-11-05,24.4,1.2
L09,2024-11-06,20.0,8.9
L09,2024-11-07,40.6,0.7
L09,2024-11-08,26.7,1.8
L09,2024-11-09,30.9,9.0
L09,2024-11-10,37.3,1.7
L09,2024-11-11,23.9,0.2
L09,2024-11-12,30.4,1.0
L09,2024-11-13,19.7,1.1
L09,2024-11-14,25.6,0.7
L09,2024-11-15,27.1,15.3
L09,2024-11-16,20.8,4.5
L09,2024-11-17,24.1,1.0
L09,2024-11-18,26.9,3.3
L09,2024-11-19,31.5,0.8
L09,2024-11-20,38.8,7.6
L09,2024-11-21,30.4,1.3
L09,2024-11-22,23.8,2.7
L09,2024-11-23,27.8,0.4
L09,2024-11-24,25.9,11.0
L09,2024-11-25,24.9,0.2
L09,2024-11-26,30.4,5.2
L09,2024-11-27,31.3,10.9
L09,2024-11-28,28.0,2.2
L09,2024-11-29,22.6,3.4
L09,2024-11-30,19.0,8.5
L09,2024-12-01,19.9,4.2
L09,2024-12-02,11.6,5.5
L09,2024-12-03,9.6,5.0
L09,2024-12-04,16.3,6.1
L09,2024-12-05,8.2,4.2
L09,2024-12-06,19.8,3.0
L09,2024-12-07,9.3,2.4
L09,2024-12-08,10.9,5.7
L09,2024-12-09,9.9,17.9
L09,2024-12-10,12.7,1.5
L09,2024-12-11,12.2,1.6
L09,2024-12-12,12.7,3.3
L09,2024-12-13,14.2,19.0
L09,2024-12-14,18.8,7.9
L09,2024-12-15,10.5,6.8
L09,2024-12-16,9.7,8.4
L09,2024-12-17,9.0,12.3
L09,2024-12-18,14.3,0.5
L09,2024-12-19,13.4,3.3
L09,2024-12-20,6.7,0.5
L09,2024-12-21,18.3,6.9
L09,2024-12-22,19.1,5.7
L09,2024-12-23,8.9,1.3
L09,2024-12-24,21.0,5.7
L09,2024-12-25,13.8,1.8
L09,2024-12-26,16.2,1.8
L09,2024-12-27,15.7,7.5
L09,2024-12-28,12.3,0.0
L09,2024-12-29,18.9,27.3
L09,2024-12-30,8.8,2.8
L09,2024-12-31,27.9,6.6
L10,2024-01-01,11.5,0.5
L10,2024-01-02,10.9,2.4
L10,2024-01-03,12.2,7.6
L10,2024-01-04,11.2,3.6
L10,2024-01-05,14.9,2.8
L10,2024-01-06,18.9,12.2
L10,2024-01-07,18.6,17.1
L10,2024-01-08,15.1,5.0
L10,2024-01-09,6.8,0.9
L10,2024-01-10,13.6,1.3
L10,2024-01-11,25.0,3.6
L10,2024-01-12,9.9,5.4
L10,2024-01-13,21.1,1.3
L10,2024-01-14,10.8,6.2
L10,2024-01-15,18.5,6.4
L10,2024-01-16,23.4,15.2
L10,2024-01-17,20.4,6.6
L10,2024-01-18,23.0,0.6
L10,2024-01-19,17.7,2.0
L10,2024-01-20,18.4,1.1
L10,2024-01-21,8.1,6.3
L10,2024-01-22,12.5,9.6
L10,2024-01-23,16.9,8.7
L10,2024-01-24,22.4,9.9
L10,2024-01-25,20.5,4.1
L10,2024-01-26,12.6,13.2
L10,2024-01-27,12.0,0.1
L10,2024-01-28,14.5,7.0
L10,2024-01-29,18.5,1.2
L10,2024-01-30,14.9,2.3
L10,2024-01-31,14.1,26.2
L10,2024-02-01,21.4,18.6
L10,2024-02-02,17.3,3.5
L10,2024-02-03,17.2,12.0
L10,2024-02-04,19.3,5.5
L10,2024-02-05,16.6,2.2
L10,2024-02-06,22.8,15.0
L10,2024-02-07,14.3,13.2
L10,2024-02-08,19.3,22.9
L10,2024-02-09,19.2,0.1
L10,2024-02-10,16.7,0.2
L10,2024-02-11,15.5,15.6
L10,2024-02-12,16.9,20.5
L10,2024-02-13,22.0,4.0
L10,2024-02-14,12.9,9.2
L10,2024-02-15,9.0,6.3
L10,2024-02-16,14.5,10.2
L10,2024-02-17,21.3,6.2
L10,2024-02-18,10.2,1.1
L10,2024-02-19,21.8,7.4
L10,2024-02-20,15.9,10.8
L10,2024-02-21,14.4,3.7
L10,2024-02-22,17.7,27.2
L10,2024-02-23,12.4,5.7
L10,2024-02-24,13.1,2.9
L10,2024-02-25,11.6,3.2
L10,2024-02-26,15.3,0.9
L10,2024-02-27,11.9,4.8
L10,2024-02-28,16.1,5.1
L10,2024-02-29,14.2,6.2
L10,2024-03-01,25.8,8.7
L10,2024-03-02,25.6,4.7
L10,2024-03-03,25.2,1.9
L10,2024-03-04,26.0,1.7
L10,2024-03-05,21.5,6.1
L10,2024-03-06,22.9,4.0
L10,2024-03-07,23.2,4.3
L10,2024-03-08,30.4,6.6
L10,2024-03-09,11.8,5.9
L10,2024-03-10,24.7,0.1
L10,2024-03-11,25.4,5.8
L10,2024-03-12,20.9,9.9
L10,2024-03-13,26.5,2.9
L10,2024-03-14,12.5,0.8
L10,2024-03-15,29.5,19.0
L10,2024-03-16,21.0,0.8
L10,2024-03-17,26.4,7.4
L10,2024-03-18,30.2,2.1
L10,2024-03-19,23.0,12.6
L10,2024-03-20,23.2,19.6
L10,2024-03-21,21.9,0.1
L10,2024-03-22,32.0,4.1
L10,2024-03-23,14.9,2.8
L10,2024-03-24,26.0,0.6
L10,2024-03-25,21.9,2.1
L10,2024-03-26,33.5,1.8
L10,2024-03-27,25.8,0.6
L10,2024-03-28,23.0,9.1
L10,2024-03-29,26.9,5.7
L10,2024-03-30,21.6,0.4
L10,2024-03-31,17.9,1.8
L10,2024-04-01,26.9,7.3
L10,2024-04-02,29.5,7.0
L10,2024-04-03,29.2,2.5
L10,2024-04-04,26.4,0.1
L10,2024-04-05,26.2,0.1
L10,2024-04-06,21.5,1.7
L10,2024-04-07,25.8,5.6
L10,2024-04-08,24.9,13.0
L10,2024-04-09,30.5,4.5
L10,2024-04-10,30.7,0.3
L10,2024-04-11,27.1,1.8
L10,2024-04-12,31.4,3.7
L10,2024-04-13,25.9,1.8
L10,2024-04-14,30.3,1.0
L10,2024-04-15,16.7,3.6
L10,2024-04-16,20.1,0.6
L10,2024-04-17,19.1,3.3
L10,2024-04-18,27.3,5.8
L10,2024-04-19,21.2,12.0
L10,2024-04-20,31.2,3.8
L10,2024-04-21,23.1,0.4
L10,2024-04-22,20.2,2.5
L10,2024-04-23,26.8,0.4
L10,2024-04-24,29.6,1.2
L10,2024-04-25,23.4,3.0
L10,2024-04-26,19.8,2.2
L10,2024-04-27,30.7,1.5
L10,2024-04-28,32.0,1.7
L10,2024-04-29,20.2,2.9
L10,2024-04-30,17.5,1.8
L10,2024-05-01,24.8,2.3
L10,2024-05-02,29.0,13.9
L10,2024-05-03,20.2,8.0
L10,2024-05-04,24.1,0.8
L10,2024-05-05,29.8,0.0
L10,2024-05-06,25.5,11.5
L10,2024-05-07,18.0,1.0
L10,2024-05-08,26.5,2.7
L10,2024-05-09,28.1,8.2
L10,2024-05-10,23.9,10.7
L10,2024-05-11,28.1,1.0
L10,2024-05-12,26.2,8.5
L10,2024-05-13,23.2,1.7
L10,2024-05-14,28.7,1.2
L10,2024-05-15,25.5,5.3
L10,2024-05-16,25.1,10.4
L10,2024-05-17,19.6,4.9
L10,2024-05-18,24.9,6.5
L10,2024-05-19,26.4,1.1
L10,2024-05-20,9.8,8.6
L10,2024-05-21,18.8,21.5
L10,2024-05-22,22.4,9.0
L10,2024-05-23,31.9,10.4
L10,2024-05-24,25.3,6.9
L10,2024-05-25,18.7,4.1
L10,2024-05-26,25.9,4.4
L10,2024-05-27,24.6,0.2
L10,2024-05-28,31.9,4.2
L10,2024-05-29,25.9,6.9
L10,2024-05-30,27.2,1.1
L10,2024-05-31,27.5,1.0
L10,2024-06-01,34.2,17.0
L10,2024-06-02,31.2,15.4
L10,2024-06-03,32.2,14.3
L10,2024-06-04,33.5,6.8
L10,2024-06-05,30.4,1.4
L10,2024-06-06,28.7,74.4
L10,2024-06-07,30.4,33.2
L10,2024-06-08,41.8,3.9
L10,2024-06-09,30.6,3.0
L10,2024-06-10,39.8,3.8
L10,2024-06-11,33.7,37.6
L10,2024-06-12,31.5,4.9
L10,2024-06-13,32.5,53.5
L10,2024-06-14,29.8,38.9
L10,2024-06-15,33.4,18.2
L10,2024-06-16,35.1,16.6
L10,2024-06-17,38.7,3.6
L10,2024-06-18,27.8,1.9
L10,2024-06-19,30.4,26.2
L10,2024-06-20,33.1,40.9
L10,2024-06-21,34.1,16.3
L10,2024-06-22,32.7,31.8
L10,2024-06-23,29.1,7.7
L10,2024-06-24,42.4,5.8
L10,2024-06-25,30.2,25.3
L10,2024-06-26,38.5,12.5
L10,2024-06-27,44.3,11.0
L10,2024-06-28,38.5,13.5
L10,2024-06-29,42.4,42.8
L10,2024-06-30,33.9,13.0
L10,2024-07-01,34.0,3.3
L10,2024-07-02,33.8,38.6
L10,2024-07-03,28.4,11.8
L10,2024-07-04,34.9,10.3
L10,2024-07-05,35.8,33.4
L10,2024-07-06,29.8,31.8
L10,2024-07-07,38.1,10.9
L10,2024-07-08,34.7,19.9
L10,2024-07-09,41.0,15.6
L10,2024-07-10,31.2,9.7
L10,2024-07-11,33.2,6.6
L10,2024-07-12,30.7,11.7
L10,2024-07-13,38.3,20.7
L10,2024-07-14,34.7,6.4
L10,2024-07-15,33.7,16.2
L10,2024-07-16,35.0,0.8
L10,2024-07-17,39.2,28.5
L10,2024-07-18,30.5,12.6
L10,2024-07-19,30.6,20.9
L10,2024-07-20,32.5,44.0
L10,2024-07-21,39.4,2.6
L10,2024-07-22,32.2,0.5
L10,2024-07-23,38.2,3.2
L10,2024-07-24,29.5,11.2
L10,2024-07-25,34.9,9.1
L10,2024-07-26,41.0,4.2
L10,2024-07-27,38.4,6.0
L10,2024-07-28,44.1,5.6
L10,2024-07-29,35.4,21.7
L10,2024-07-30,34.7,36.0
L10,2024-07-31,40.9,0.6
L10,2024-08-01,30.2,10.2
L10,2024-08-02,37.3,0.4
L10,2024-08-03,35.4,22.3
L10,2024-08-04,33.5,6.3
L10,2024-08-05,33.0,7.2
L10,2024-08-06,43.1,3.5
L10,2024-08-07,41.2,1.6
L10,2024-08-08,31.2,45.7
L10,2024-08-09,34.1,0.2
L10,2024-08-10,37.9,19.2
L10,2024-08-11,38.2,5.0
L10,2024-08-12,34.6,8.7
L10,2024-08-13,35.7,1.2
L10,2024-08-14,38.3,0.2
L10,2024-08-15,28.6,29.5
L10,2024-08-16,39.7,31.2
L10,2024-08-17,33.9,13.4
L10,2024-08-18,31.5,2.1
L10,2024-08-19,30.7,11.3
L10,2024-08-20,36.9,15.8
L10,2024-08-21,41.0,4.6
L10,2024-08-22,39.9,6.5
L10,2024-08-23,29.3,12.1
L10,2024-08-24,31.8,47.7
L10,2024-08-25,35.4,22.5
L10,2024-08-26,31.8,4.9
L10,2024-08-27,38.7,54.3
L10,2024-08-28,39.5,14.7
L10,2024-08-29,31.2,21.3
L10,2024-08-30,32.4,3.4
L10,2024-08-31,28.7,4.7
L10,2024-09-01,38.1,6.1
L10,2024-09-02,22.6,1.0
L10,2024-09-03,33.7,1.6
L10,2024-09-04,25.7,26.0
L10,2024-09-05,30.5,14.9
L10,2024-09-06,30.9,30.5
L10,2024-09-07,26.4,32.6
L10,2024-09-08,26.2,41.7
L10,2024-09-09,25.0,16.9
L10,2024-09-10,23.5,21.8
L10,2024-09-11,21.0,2.9
L10,2024-09-12,28.7,4.0
L10,2024-09-13,18.0,5.6
L10,2024-09-14,29.2,20.7
L10,2024-09-15,29.7,5.9
L10,2024-09-16,24.9,8.6
L10,2024-09-17,34.9,14.7
L10,2024-09-18,25.2,22.7
L10,2024-09-19,31.0,2.5
L10,2024-09-20,26.9,7.4
L10,2024-09-21,27.0,42.0
L10,2024-09-22,23.0,5.1
L10,2024-09-23,36.1,1.7
L10,2024-09-24,31.1,26.5
L10,2024-09-25,30.4,49.1
L10,2024-09-26,28.5,2.6
L10,2024-09-27,37.9,31.2
L10,2024-09-28,21.4,41.9
L10,2024-09-29,27.4,22.7
L10,2024-09-30,29.9,36.1
L10,2024-10-01,23.1,1.0
L10,2024-10-02,31.4,10.1
L10,2024-10-03,22.3,6.2
L10,2024-10-04,21.9,2.1
L10,2024-10-05,20.7,1.5
L10,2024-10-06,36.9,4.2
L10,2024-10-07,21.4,6.8
L10,2024-10-08,21.9,1.3
L10,2024-10-09,26.6,2.6
L10,2024-10-10,27.2,1.8
L10,2024-10-11,29.6,11.6
L10,2024-10-12,28.9,1.2
L10,2024-10-13,27.9,2.9
L10,2024-10-14,23.6,0.8
L10,2024-10-15,30.8,7.7
L10,2024-10-16,36.6,2.2
L10,2024-10-17,28.9,6.3
L10,2024-10-18,28.5,16.9
L10,2024-10-19,34.8,1.8
L10,2024-10-20,28.2,0.6
L10,2024-10-21,29.6,7.8
L10,2024-10-22,28.4,9.6
L10,2024-10-23,36.4,3.1
L10,2024-10-24,25.5,0.7
L10,2024-10-25,32.4,1.0
L10,2024-10-26,27.8,6.3
L10,2024-10-27,29.4,6.5
L10,2024-10-28,32.3,6.7
L10,2024-10-29,21.4,1.8
L10,2024-10-30,21.5,4.9
L10,2024-10-31,31.5,20.5
L10,2024-11-01,26.2,4.8
L10,2024-11-02,33.3,1.6
L10,2024-11-03,17.5,2.7
L10,2024-11-04,35.9,5.0
L10,2024-11-05,29.5,13.0
L10,2024-11-06,28.5,2.6
L10,2024-11-07,24.0,0.5
L10,2024-11-08,29.7,7.0
L10,2024-11-09,20.7,1.4
L10,2024-11-10,28.8,0.2
L10,2024-11-11,28.4,1.9
L10,2024-11-12,22.2,5.4
L10,2024-11-13,29.5,8.5
L10,2024-11-14,33.9,0.4
L10,2024-11-15,23.0,2.6
L10,2024-11-16,25.7,0.0
L10,2024-11-17,23.9,3.0
L10,2024-11-18,27.6,17.9
L10,2024-11-19,28.4,0.7
L10,2024-11-20,31.3,9.2
L10,2024-11-21,33.2,20.8
L10,2024-11-22,29.1,9.7
L10,2024-11-23,29.7,9.0
L10,2024-11-24,31.7,9.5
L10,2024-11-25,31.9,7.6
L10,2024-11-26,34.0,1.3
L10,2024-11-27,34.1,0.1
L10,2024-11-28,29.7,27.7
L10,2024-11-29,18.8,1.0
L10,2024-11-30,26.8,12.8
L10,2024-12-01,19.5,7.0
L10,2024-12-02,19.3,4.8
L10,2024-12-03,16.3,4.7
L10,2024-12-04,19.9,9.1
L10,2024-12-05,10.7,1.1
L10,2024-12-06,20.1,3.6
L10,2024-12-07,6.3,2.9
L10,2024-12-08,22.9,6.2
L10,2024-12-09,22.5,2.6
L10,2024-12-10,19.8,0.1
L10,2024-12-11,18.6,2.1
L10,2024-12-12,18.0,0.7
L10,2024-12-13,18.2,2.5
L10,2024-12-14,9.2,1.5
L10,2024-12-15,20.4,0.7
L10,2024-12-16,23.2,0.9
L10,2024-12-17,15.6,5.3
L10,2024-12-18,9.4,1.6
L10,2024-12-19,20.0,3.0
L10,2024-12-20,15.2,6.7
L10,2024-12-21,17.1,0.2
L10,2024-12-22,15.2,3.5
L10,2024-12-23,13.7,1.7
L10,2024-12-24,5.0,15.4
L10,2024-12-25,29.0,3.6
L10,2024-12-26,13.9,1.5
L10,2024-12-27,21.2,1.1
L10,2024-12-28,11.4,11.1
L10,2024-12-29,9.3,17.9
L10,2024-12-30,15.8,8.2
L10,2024-12-31,15.1,3.9
